"","age_mortality_id","x","list_x_units","n","ax","cap_nx","cap_dx","mx","lx_real","lx_stand","dx_real","dx_stand","px","qx","mjux","cap_lx_real","cap_lx_stand","ex","smoothed","animal","age_scaled","age_proportion"
"1","DL00080_TryonLT49.csv",7,NA,69,0,NA,NA,NA,1,0.0145,1,0.0145,0,1,NA,NA,0,0,NA,"Eastern chipmunk (Tamius striatus)",1.45883597998965,0.7
"2","DL00080_TryonLT09.csv",6,NA,29,0,NA,NA,NA,1,0.0345,1,0.0345,0,1,NA,NA,0,0,NA,"Eastern chipmunk (Tamius striatus)",1.07218333639757,0.6
"3","DL00080_TryonLT23.csv",7,NA,27,0,NA,NA,NA,1,0.037,1,0.037,0,1,NA,NA,0,0,NA,"Eastern chipmunk (Tamius striatus)",1.45883597998965,0.7
"4","DL00080_TryonLT26.csv",8,NA,25,0,NA,NA,NA,1,0.04,1,0.04,0,1,NA,NA,0,0,NA,"Eastern chipmunk (Tamius striatus)",1.84548862358173,0.8
"5","DL00080_TryonLT57.csv",8,NA,23,0,NA,NA,NA,1,0.0435,1,0.0435,0,1,NA,NA,0,0,NA,"Eastern chipmunk (Tamius striatus)",1.84548862358173,0.8
"6","DL00080_TryonLT01.csv",10,NA,21,0,NA,NA,NA,1,0.0476,1,0.0476,0,1,NA,NA,0,0,NA,"Eastern chipmunk (Tamius striatus)",2.61879391076589,1
"7","DL00080_TryonLT19.csv",10,NA,21,0,NA,NA,NA,1,0.0476,1,0.0476,0,1,NA,NA,0,0,NA,"Eastern chipmunk (Tamius striatus)",2.61879391076589,1
"8","DL00080_TryonLT32.csv",2,NA,21,0,NA,NA,NA,1,0.0476,1,0.0476,0,1,NA,NA,0,0,NA,"Eastern chipmunk (Tamius striatus)",-0.47442723797074,0.2
"9","DL00080_TryonLT50.csv",6,NA,21,0,NA,NA,NA,1,0.0476,1,0.0476,0,1,NA,NA,0,0,NA,"Eastern chipmunk (Tamius striatus)",1.07218333639757,0.6
"10","DL00080_TryonLT48.csv",8,NA,20,0,NA,NA,NA,1,0.05,1,0.05,0,1,NA,NA,0,0,NA,"Eastern chipmunk (Tamius striatus)",1.84548862358173,0.8
"11","DL00080_TryonLT03.csv",8,NA,19,0,NA,NA,NA,1,0.0526,1,0.0526,0,1,NA,NA,0,0,NA,"Eastern chipmunk (Tamius striatus)",1.84548862358173,0.8
"12","DL00080_TryonLT12.csv",4,NA,18,0,NA,NA,NA,1,0.0556,1,0.0556,0,1,NA,NA,0,0,NA,"Eastern chipmunk (Tamius striatus)",0.298878049213417,0.4
"13","DL00080_TryonLT42.csv",4,NA,18,0,NA,NA,NA,1,0.0556,1,0.0556,0,1,NA,NA,0,0,NA,"Eastern chipmunk (Tamius striatus)",0.298878049213417,0.4
"14","DL00080_TryonLT02.csv",9,NA,17,0,NA,NA,NA,1,0.0588,1,0.0588,0,1,NA,NA,0,0,NA,"Eastern chipmunk (Tamius striatus)",2.23214126717381,0.9
"15","DL00080_TryonLT27.csv",7,NA,48,0,NA,NA,NA,3,0.0625,3,0.0625,0,1,NA,NA,0,0,NA,"Eastern chipmunk (Tamius striatus)",1.45883597998965,0.7
"16","DL00080_TryonLT08.csv",8,NA,15,0,NA,NA,NA,1,0.0667,1,0.0667,0,1,NA,NA,0,0,NA,"Eastern chipmunk (Tamius striatus)",1.84548862358173,0.8
"17","DL00080_TryonLT37.csv",3,NA,14,0,NA,NA,NA,1,0.0714,1,0.0714,0,1,NA,NA,0,0,NA,"Eastern chipmunk (Tamius striatus)",-0.0877745943786614,0.3
"18","DL00080_TryonLT10.csv",7,NA,50,0,NA,NA,NA,4,0.08,4,0.08,0,1,NA,NA,0,0,NA,"Eastern chipmunk (Tamius striatus)",1.45883597998965,0.7
"19","DL00080_TryonLT28.csv",4,NA,25,0,NA,NA,NA,2,0.08,2,0.08,0,1,NA,NA,0,0,NA,"Eastern chipmunk (Tamius striatus)",0.298878049213417,0.4
"20","DL00080_TryonLT21.csv",7,NA,12,0,NA,NA,NA,1,0.0833,1,0.0833,0,1,NA,NA,0,0,NA,"Eastern chipmunk (Tamius striatus)",1.45883597998965,0.7
"21","DL00080_TryonLT58.csv",7,NA,71,0,NA,NA,NA,6,0.0845,6,0.0845,0,1,NA,NA,0,0,NA,"Eastern chipmunk (Tamius striatus)",1.45883597998965,0.7
"22","DL00080_TryonLT05.csv",6,NA,11,0,NA,NA,NA,1,0.0909,1,0.0909,0,1,NA,NA,0,0,NA,"Eastern chipmunk (Tamius striatus)",1.07218333639757,0.6
"23","DL00080_TryonLT30.csv",4,NA,33,0,NA,NA,NA,3,0.0909,3,0.0909,0,1,NA,NA,0,0,NA,"Eastern chipmunk (Tamius striatus)",0.298878049213417,0.4
"24","DL00080_TryonLT59.csv",6,NA,21,0,NA,NA,NA,2,0.0952,2,0.0952,0,1,NA,NA,0,0,NA,"Eastern chipmunk (Tamius striatus)",1.07218333639757,0.6
"25","DL00080_TryonLT04.csv",9,NA,10,0,NA,NA,NA,1,0.1,1,0.1,0,1,NA,NA,0,0,NA,"Eastern chipmunk (Tamius striatus)",2.23214126717381,0.9
"26","DL00080_TryonLT22.csv",8,NA,9,0,NA,NA,NA,1,0.1111,1,0.1111,0,1,NA,NA,0,0,NA,"Eastern chipmunk (Tamius striatus)",1.84548862358173,0.8
"27","DL00080_TryonLT24.csv",7,NA,9,0,NA,NA,NA,1,0.1111,1,0.1111,0,1,NA,NA,0,0,NA,"Eastern chipmunk (Tamius striatus)",1.45883597998965,0.7
"28","DL00080_TryonLT51.csv",4,NA,9,0,NA,NA,NA,1,0.1111,1,0.1111,0,1,NA,NA,0,0,NA,"Eastern chipmunk (Tamius striatus)",0.298878049213417,0.4
"29","DL00080_TryonLT29.csv",2,NA,23,0,NA,NA,NA,3,0.1304,3,0.1304,0,1,NA,NA,0,0,NA,"Eastern chipmunk (Tamius striatus)",-0.47442723797074,0.2
"30","DL00080_TryonLT07.csv",8,NA,7,0,NA,NA,NA,1,0.1429,1,0.1429,0,1,NA,NA,0,0,NA,"Eastern chipmunk (Tamius striatus)",1.84548862358173,0.8
"31","DL00080_TryonLT20.csv",9,NA,14,0,NA,NA,NA,2,0.1429,2,0.1429,0,1,NA,NA,0,0,NA,"Eastern chipmunk (Tamius striatus)",2.23214126717381,0.9
"32","DL00080_TryonLT61.csv",4,NA,7,0,NA,NA,NA,1,0.1429,1,0.1429,0,1,NA,NA,0,0,NA,"Eastern chipmunk (Tamius striatus)",0.298878049213417,0.4
"33","DL00080_TryonLT06.csv",10,NA,20,0,NA,NA,NA,3,0.15,3,0.15,0,1,NA,NA,0,0,NA,"Eastern chipmunk (Tamius striatus)",2.61879391076589,1
"34","DL00080_TryonLT13.csv",4,NA,33,0,NA,NA,NA,5,0.1515,5,0.1515,0,1,NA,NA,0,0,NA,"Eastern chipmunk (Tamius striatus)",0.298878049213417,0.4
"35","DL00080_TryonLT18.csv",10,NA,13,0,NA,NA,NA,2,0.1538,2,0.1538,0,1,NA,NA,0,0,NA,"Eastern chipmunk (Tamius striatus)",2.61879391076589,1
"36","DL00080_TryonLT36.csv",6,NA,13,0,NA,NA,NA,2,0.1538,2,0.1538,0,1,NA,NA,0,0,NA,"Eastern chipmunk (Tamius striatus)",1.07218333639757,0.6
"37","DL00080_TryonLT25.csv",5,NA,12,0,NA,NA,NA,2,0.1667,2,0.1667,0,1,NA,NA,0,0,NA,"Eastern chipmunk (Tamius striatus)",0.685530692805496,0.5
"38","DL00080_TryonLT31.csv",3,NA,36,0,NA,NA,NA,6,0.1667,6,0.1667,0,1,NA,NA,0,0,NA,"Eastern chipmunk (Tamius striatus)",-0.0877745943786614,0.3
"39","DL00080_TryonLT41.csv",7,NA,35,0,NA,NA,NA,6,0.1714,6,0.1714,0,1,NA,NA,0,0,NA,"Eastern chipmunk (Tamius striatus)",1.45883597998965,0.7
"40","DL00080_TryonLT15.csv",2,NA,22,0,NA,NA,NA,4,0.1818,4,0.1818,0,1,NA,NA,0,0,NA,"Eastern chipmunk (Tamius striatus)",-0.47442723797074,0.2
"41","DL00080_TryonLT43.csv",5,NA,21,0,NA,NA,NA,4,0.1905,4,0.1905,0,1,NA,NA,0,0,NA,"Eastern chipmunk (Tamius striatus)",0.685530692805496,0.5
"42","DL00080_TryonLT11.csv",2,NA,20,0,NA,NA,NA,4,0.2,4,0.2,0,1,NA,NA,0,0,NA,"Eastern chipmunk (Tamius striatus)",-0.47442723797074,0.2
"43","DL00080_TryonLT52.csv",4,NA,10,0,NA,NA,NA,2,0.2,2,0.2,0,1,NA,NA,0,0,NA,"Eastern chipmunk (Tamius striatus)",0.298878049213417,0.4
"44","DL00080_TryonLT38.csv",2,NA,48,0,NA,NA,NA,10,0.2083,10,0.2083,0,1,NA,NA,0,0,NA,"Eastern chipmunk (Tamius striatus)",-0.47442723797074,0.2
"45","DL00080_TryonLT14.csv",3,NA,29,0,NA,NA,NA,7,0.2414,7,0.2414,0,1,NA,NA,0,0,NA,"Eastern chipmunk (Tamius striatus)",-0.0877745943786614,0.3
"46","DL00080_TryonLT16.csv",1,NA,25,0,NA,NA,NA,8,0.32,8,0.32,0,1,NA,NA,0,0,NA,"Eastern chipmunk (Tamius striatus)",-0.861079881562819,0.1
"47","DL00080_TryonLT53.csv",2,NA,55,0,NA,NA,NA,18,0.3273,18,0.3273,0,1,NA,NA,0,0,NA,"Eastern chipmunk (Tamius striatus)",-0.47442723797074,0.2
"48","DL00080_TryonLT44.csv",2,NA,35,0,NA,NA,NA,12,0.3429,12,0.3429,0,1,NA,NA,0,0,NA,"Eastern chipmunk (Tamius striatus)",-0.47442723797074,0.2
"49","DL00080_TryonLT35.csv",5,NA,13,0,NA,NA,NA,5,0.3846,5,0.3846,0,1,NA,NA,0,0,NA,"Eastern chipmunk (Tamius striatus)",0.685530692805496,0.5
"50","DL00080_TryonLT33.csv",1,NA,24,0,NA,NA,NA,11,0.4583,11,0.4583,0,1,NA,NA,0,0,NA,"Eastern chipmunk (Tamius striatus)",-0.861079881562819,0.1
"51","DL00080_TryonLT56.csv",5,NA,2,0,NA,NA,NA,1,0.5,1,0.5,0,1,NA,NA,0,0,NA,"Eastern chipmunk (Tamius striatus)",0.685530692805496,0.5
"52","DL00080_TryonLT39.csv",1,NA,12,0,NA,NA,NA,7,0.5833,7,0.5833,0,1,NA,NA,0,0,NA,"Eastern chipmunk (Tamius striatus)",-0.861079881562819,0.1
"53","DL00080_TryonLT62.csv",2,NA,54,0,NA,NA,NA,34,0.6296,34,0.6296,0,1,NA,NA,0,0,NA,"Eastern chipmunk (Tamius striatus)",-0.47442723797074,0.2
"54","DL00080_TryonLT60.csv",1,NA,4,0,NA,NA,NA,3,0.75,3,0.75,0,1,NA,NA,0,0,NA,"Eastern chipmunk (Tamius striatus)",-0.861079881562819,0.1
"55","DL00080_TryonLT54.csv",1,NA,42,0,NA,NA,NA,33,0.7857,33,0.7857,0,1,NA,NA,0,0,NA,"Eastern chipmunk (Tamius striatus)",-0.861079881562819,0.1
"56","DL00080_TryonLT32.csv",0,NA,21,0.5,NA,NA,NA,21,1,18,0.8571,0.1429,0.8571,1.9456,NA,0.5715,0.6667,NA,"Eastern chipmunk (Tamius striatus)",-1.2477325251549,0
"57","DL00080_TryonLT37.csv",0,NA,14,0.5,NA,NA,NA,14,1,12,0.8571,0.1429,0.8571,1.9456,NA,0.5715,0.75,NA,"Eastern chipmunk (Tamius striatus)",-1.2477325251549,0
"58","DL00080_TryonLT09.csv",4,NA,29,0.5,NA,NA,NA,6,0.2069,5,0.1724,0.1667,0.8333,1.7913,NA,0.1207,0.7501,NA,"Eastern chipmunk (Tamius striatus)",0.298878049213417,0.4
"59","DL00080_TryonLT57.csv",6,NA,23,0.5,NA,NA,NA,5,0.2174,4,0.1739,0.2001,0.7999,1.609,NA,0.1305,0.8001,NA,"Eastern chipmunk (Tamius striatus)",1.07218333639757,0.6
"60","DL00080_TryonLT22.csv",0,NA,9,0.5,NA,NA,NA,9,1,7,0.7778,0.2222,0.7778,1.5042,NA,0.6111,1.9999,NA,"Eastern chipmunk (Tamius striatus)",-1.2477325251549,0
"61","DL00080_TryonLT42.csv",0,NA,18,0.5,NA,NA,NA,18,1,14,0.7778,0.2222,0.7778,1.5042,NA,0.6111,0.9722,NA,"Eastern chipmunk (Tamius striatus)",-1.2477325251549,0
"62","DL00080_TryonLT38.csv",0,NA,48,0.5,NA,NA,NA,48,1,37,0.7708,0.2292,0.7708,1.4732,NA,0.6146,0.8334,NA,"Eastern chipmunk (Tamius striatus)",-1.2477325251549,0
"63","DL00080_TryonLT29.csv",1,NA,23,0.5,NA,NA,NA,13,0.5652,10,0.4348,0.2307,0.7693,1.4666,NA,0.3478,0.6154,NA,"Eastern chipmunk (Tamius striatus)",-0.861079881562819,0.1
"64","DL00080_TryonLT49.csv",5,NA,69,0.5,NA,NA,NA,4,0.058,3,0.0435,0.25,0.75,1.3863,NA,0.0363,0.875,NA,"Eastern chipmunk (Tamius striatus)",0.685530692805496,0.5
"65","DL00080_TryonLT12.csv",3,NA,18,0.5,NA,NA,NA,4,0.2222,3,0.1666,0.2502,0.7498,1.3854,NA,0.1389,0.6251,NA,"Eastern chipmunk (Tamius striatus)",-0.0877745943786614,0.3
"66","DL00080_TryonLT49.csv",3,NA,69,0.5,NA,NA,NA,19,0.2754,14,0.2029,0.2633,0.7367,1.3346,NA,0.174,1.0528,NA,"Eastern chipmunk (Tamius striatus)",-0.0877745943786614,0.3
"67","DL00080_TryonLT15.csv",0,NA,22,0.5,NA,NA,NA,22,1,16,0.7273,0.2727,0.7273,1.2994,NA,0.6364,0.8636,NA,"Eastern chipmunk (Tamius striatus)",-1.2477325251549,0
"68","DL00080_TryonLT23.csv",0,NA,27,0.5,NA,NA,NA,27,1,19,0.7037,0.2963,0.7037,1.2164,NA,0.6482,1.4073,NA,"Eastern chipmunk (Tamius striatus)",-1.2477325251549,0
"69","DL00080_TryonLT52.csv",0,NA,10,0.5,NA,NA,NA,10,1,7,0.7,0.3,0.7,1.204,NA,0.65,1.4,NA,"Eastern chipmunk (Tamius striatus)",-1.2477325251549,0
"70","DL00080_TryonLT16.csv",0,NA,25,0.5,NA,NA,NA,25,1,17,0.68,0.32,0.68,1.1394,NA,0.66,0.66,NA,"Eastern chipmunk (Tamius striatus)",-1.2477325251549,0
"71","DL00080_TryonLT01.csv",6,NA,21,0.5,NA,NA,NA,3,0.1429,2,0.0953,0.3331,0.6669,1.0993,NA,0.0953,1.6659,NA,"Eastern chipmunk (Tamius striatus)",1.07218333639757,0.6
"72","DL00080_TryonLT32.csv",1,NA,21,0.5,NA,NA,NA,3,0.1429,2,0.0953,0.3331,0.6669,1.0993,NA,0.0953,0.6666,NA,"Eastern chipmunk (Tamius striatus)",-0.861079881562819,0.1
"73","DL00080_TryonLT48.csv",4,NA,20,0.5,NA,NA,NA,3,0.15,2,0.1,0.3333,0.6667,1.0986,NA,0.1,1.6667,NA,"Eastern chipmunk (Tamius striatus)",0.298878049213417,0.4
"74","DL00080_TryonLT08.csv",3,NA,15,0.5,NA,NA,NA,6,0.4,4,0.2667,0.3333,0.6668,1.0989,NA,0.2667,1.7499,NA,"Eastern chipmunk (Tamius striatus)",-0.0877745943786614,0.3
"75","DL00080_TryonLT11.csv",0,NA,20,0.5,NA,NA,NA,20,1,13,0.65,0.35,0.65,1.0498,NA,0.675,0.95,NA,"Eastern chipmunk (Tamius striatus)",-1.2477325251549,0
"76","DL00080_TryonLT44.csv",0,NA,35,0.5,NA,NA,NA,35,1,22,0.6286,0.3714,0.6286,0.9905,NA,0.6857,1.0429,NA,"Eastern chipmunk (Tamius striatus)",-1.2477325251549,0
"77","DL00080_TryonLT26.csv",3,NA,25,0.5,NA,NA,NA,8,0.32,5,0.2,0.375,0.625,0.9808,NA,0.22,1.5625,NA,"Eastern chipmunk (Tamius striatus)",-0.0877745943786614,0.3
"78","DL00080_TryonLT59.csv",0,NA,21,0.5,NA,NA,NA,21,1,13,0.619,0.381,0.619,0.965,NA,0.6905,1.7382,NA,"Eastern chipmunk (Tamius striatus)",-1.2477325251549,0
"79","DL00080_TryonLT31.csv",1,NA,36,0.5,NA,NA,NA,18,0.5,11,0.3056,0.3888,0.6112,0.9447,NA,0.3472,1.0555,NA,"Eastern chipmunk (Tamius striatus)",-0.861079881562819,0.1
"80","DL00080_TryonLT13.csv",0,NA,33,0.5,NA,NA,NA,33,1,20,0.6061,0.3939,0.6061,0.9317,NA,0.697,1.3636,NA,"Eastern chipmunk (Tamius striatus)",-1.2477325251549,0
"81","DL00080_TryonLT30.csv",0,NA,33,0.5,NA,NA,NA,33,1,20,0.6061,0.3939,0.6061,0.9317,NA,0.697,1.2424,NA,"Eastern chipmunk (Tamius striatus)",-1.2477325251549,0
"82","DL00080_TryonLT25.csv",4,NA,12,0.5,NA,NA,NA,5,0.4167,3,0.25,0.4,0.6,0.9162,NA,0.2917,0.7,NA,"Eastern chipmunk (Tamius striatus)",0.298878049213417,0.4
"83","DL00080_TryonLT07.csv",4,NA,7,0.5,NA,NA,NA,5,0.7143,3,0.4286,0.4,0.6,0.9164,NA,0.5,1.6,NA,"Eastern chipmunk (Tamius striatus)",0.298878049213417,0.4
"84","DL00080_TryonLT14.csv",0,NA,29,0.5,NA,NA,NA,29,1,17,0.5862,0.4138,0.5862,0.8824,NA,0.7069,1.2759,NA,"Eastern chipmunk (Tamius striatus)",-1.2477325251549,0
"85","DL00080_TryonLT12.csv",1,NA,18,0.5,NA,NA,NA,12,0.6667,7,0.3889,0.4167,0.5833,0.8754,NA,0.4723,1.2917,NA,"Eastern chipmunk (Tamius striatus)",-0.861079881562819,0.1
"86","DL00080_TryonLT02.csv",1,NA,17,0.5,NA,NA,NA,14,0.8235,8,0.4706,0.4285,0.5715,0.8474,NA,0.5882,1.8213,NA,"Eastern chipmunk (Tamius striatus)",-0.861079881562819,0.1
"87","DL00080_TryonLT30.csv",2,NA,33,0.5,NA,NA,NA,7,0.2121,4,0.1212,0.4286,0.5714,0.8473,NA,0.1515,1.1429,NA,"Eastern chipmunk (Tamius striatus)",-0.47442723797074,0.2
"88","DL00080_TryonLT28.csv",2,NA,25,0.5,NA,NA,NA,7,0.28,4,0.16,0.4286,0.5714,0.8473,NA,0.2,1.0714,NA,"Eastern chipmunk (Tamius striatus)",-0.47442723797074,0.2
"89","DL00080_TryonLT20.csv",0,NA,14,0.5,NA,NA,NA,14,1,8,0.5714,0.4286,0.5714,0.8472,NA,0.7143,2.9288,NA,"Eastern chipmunk (Tamius striatus)",-1.2477325251549,0
"90","DL00080_TryonLT43.csv",0,NA,21,0.5,NA,NA,NA,21,1,12,0.5714,0.4286,0.5714,0.8472,NA,0.7143,1.8334,NA,"Eastern chipmunk (Tamius striatus)",-1.2477325251549,0
"91","DL00080_TryonLT50.csv",0,NA,21,0.5,NA,NA,NA,21,1,12,0.5714,0.4286,0.5714,0.8472,NA,0.7143,1.7619,NA,"Eastern chipmunk (Tamius striatus)",-1.2477325251549,0
"92","DL00080_TryonLT61.csv",0,NA,7,0.5,NA,NA,NA,7,1,4,0.5714,0.4286,0.5714,0.8472,NA,0.7143,1.4287,NA,"Eastern chipmunk (Tamius striatus)",-1.2477325251549,0
"93","DL00080_TryonLT53.csv",0,NA,55,0.5,NA,NA,NA,55,1,31,0.5636,0.4364,0.5636,0.8292,NA,0.7182,1.1001,NA,"Eastern chipmunk (Tamius striatus)",-1.2477325251549,0
"94","DL00080_TryonLT27.csv",3,NA,48,0.5,NA,NA,NA,16,0.3333,9,0.1875,0.4374,0.5626,0.8268,NA,0.2396,1.5314,NA,"Eastern chipmunk (Tamius striatus)",-0.0877745943786614,0.3
"95","DL00080_TryonLT24.csv",0,NA,9,0.5,NA,NA,NA,9,1,5,0.5556,0.4444,0.5556,0.811,NA,0.7222,1.9999,NA,"Eastern chipmunk (Tamius striatus)",-1.2477325251549,0
"96","DL00080_TryonLT49.csv",1,NA,69,0.5,NA,NA,NA,60,0.8696,33,0.4783,0.45,0.55,0.7986,NA,0.6305,1.4418,NA,"Eastern chipmunk (Tamius striatus)",-0.861079881562819,0.1
"97","DL00080_TryonLT10.csv",3,NA,50,0.5,NA,NA,NA,22,0.44,12,0.24,0.4545,0.5455,0.7885,NA,0.32,1.6818,NA,"Eastern chipmunk (Tamius striatus)",-0.0877745943786614,0.3
"98","DL00080_TryonLT01.csv",2,NA,21,0.5,NA,NA,NA,11,0.5238,6,0.2857,0.4546,0.5454,0.7884,NA,0.381,2.0911,NA,"Eastern chipmunk (Tamius striatus)",-0.47442723797074,0.2
"99","DL00080_TryonLT33.csv",0,NA,24,0.5,NA,NA,NA,24,1,13,0.5417,0.4583,0.5417,0.7802,NA,0.7292,0.7292,NA,"Eastern chipmunk (Tamius striatus)",-1.2477325251549,0
"100","DL00080_TryonLT58.csv",5,NA,71,0.5,NA,NA,NA,13,0.1831,7,0.0986,0.4615,0.5385,0.7733,NA,0.1338,1.1922,NA,"Eastern chipmunk (Tamius striatus)",0.685530692805496,0.5
"101","DL00080_TryonLT58.csv",1,NA,71,0.5,NA,NA,NA,66,0.9296,34,0.4789,0.4848,0.5152,0.724,NA,0.6902,1.9242,NA,"Eastern chipmunk (Tamius striatus)",-0.861079881562819,0.1
"102","DL00080_TryonLT23.csv",5,NA,27,0.5,NA,NA,NA,2,0.0741,1,0.0371,0.4993,0.5007,0.6945,NA,0.0556,1.249,NA,"Eastern chipmunk (Tamius striatus)",0.685530692805496,0.5
"103","DL00080_TryonLT03.csv",5,NA,19,0.5,NA,NA,NA,2,0.1053,1,0.0527,0.4995,0.5005,0.6941,NA,0.079,1.7488,NA,"Eastern chipmunk (Tamius striatus)",0.685530692805496,0.5
"104","DL00080_TryonLT37.csv",1,NA,14,0.5,NA,NA,NA,2,0.1429,1,0.0715,0.4997,0.5003,0.6938,NA,0.1072,1.2495,NA,"Eastern chipmunk (Tamius striatus)",-0.861079881562819,0.1
"105","DL00080_TryonLT21.csv",6,NA,12,0.5,NA,NA,NA,2,0.1667,1,0.0834,0.4997,0.5003,0.6937,NA,0.125,0.7499,NA,"Eastern chipmunk (Tamius striatus)",1.07218333639757,0.6
"106","DL00080_TryonLT19.csv",8,NA,21,0.5,NA,NA,NA,4,0.1905,2,0.0953,0.4997,0.5003,0.6937,NA,0.1429,1.1247,NA,"Eastern chipmunk (Tamius striatus)",1.84548862358173,0.8
"107","DL00080_TryonLT50.csv",4,NA,21,0.5,NA,NA,NA,4,0.1905,2,0.0953,0.4997,0.5003,0.6937,NA,0.1429,1.1247,NA,"Eastern chipmunk (Tamius striatus)",0.298878049213417,0.4
"108","DL00080_TryonLT51.csv",1,NA,9,0.5,NA,NA,NA,6,0.6667,3,0.3334,0.4999,0.5001,0.6933,NA,0.5,1.4165,NA,"Eastern chipmunk (Tamius striatus)",-0.861079881562819,0.1
"109","DL00080_TryonLT26.csv",6,NA,25,0.5,NA,NA,NA,2,0.08,1,0.04,0.5,0.5,0.6931,NA,0.06,1.25,NA,"Eastern chipmunk (Tamius striatus)",1.07218333639757,0.6
"110","DL00080_TryonLT19.csv",9,NA,21,0.5,NA,NA,NA,2,0.0952,1,0.0476,0.5,0.5,0.6931,NA,0.0714,0.75,NA,"Eastern chipmunk (Tamius striatus)",2.23214126717381,0.9
"111","DL00080_TryonLT50.csv",5,NA,21,0.5,NA,NA,NA,2,0.0952,1,0.0476,0.5,0.5,0.6931,NA,0.0714,0.75,NA,"Eastern chipmunk (Tamius striatus)",0.685530692805496,0.5
"112","DL00080_TryonLT02.csv",5,NA,17,0.5,NA,NA,NA,2,0.1176,1,0.0588,0.5,0.5,0.6931,NA,0.0882,2.25,NA,"Eastern chipmunk (Tamius striatus)",0.685530692805496,0.5
"113","DL00080_TryonLT05.csv",4,NA,11,0.5,NA,NA,NA,2,0.1818,1,0.0909,0.5,0.5,0.6931,NA,0.1364,1.25,NA,"Eastern chipmunk (Tamius striatus)",0.298878049213417,0.4
"114","DL00080_TryonLT04.csv",7,NA,10,0.5,NA,NA,NA,2,0.2,1,0.1,0.5,0.5,0.6931,NA,0.15,1.25,NA,"Eastern chipmunk (Tamius striatus)",1.45883597998965,0.7
"115","DL00080_TryonLT22.csv",6,NA,9,0.5,NA,NA,NA,2,0.2222,1,0.1111,0.5,0.5,0.6931,NA,0.1667,1.25,NA,"Eastern chipmunk (Tamius striatus)",1.07218333639757,0.6
"116","DL00080_TryonLT24.csv",4,NA,9,0.5,NA,NA,NA,2,0.2222,1,0.1111,0.5,0.5,0.6931,NA,0.1667,1.75,NA,"Eastern chipmunk (Tamius striatus)",0.298878049213417,0.4
"117","DL00080_TryonLT42.csv",1,NA,18,0.5,NA,NA,NA,4,0.2222,2,0.1111,0.5,0.5,0.6931,NA,0.1667,1.6251,NA,"Eastern chipmunk (Tamius striatus)",-0.861079881562819,0.1
"118","DL00080_TryonLT51.csv",3,NA,9,0.5,NA,NA,NA,2,0.2222,1,0.1111,0.5,0.5,0.6931,NA,0.1667,0.75,NA,"Eastern chipmunk (Tamius striatus)",-0.0877745943786614,0.3
"119","DL00080_TryonLT04.csv",6,NA,10,0.5,NA,NA,NA,4,0.4,2,0.2,0.5,0.5,0.6931,NA,0.3,1.375,NA,"Eastern chipmunk (Tamius striatus)",1.07218333639757,0.6
"120","DL00080_TryonLT06.csv",7,NA,20,0.5,NA,NA,NA,8,0.4,4,0.2,0.5,0.5,0.6931,NA,0.3,1.5625,NA,"Eastern chipmunk (Tamius striatus)",1.45883597998965,0.7
"121","DL00080_TryonLT28.csv",1,NA,25,0.5,NA,NA,NA,14,0.56,7,0.28,0.5,0.5,0.6931,NA,0.42,1.2857,NA,"Eastern chipmunk (Tamius striatus)",-0.861079881562819,0.1
"122","DL00080_TryonLT31.csv",0,NA,36,0.5,NA,NA,NA,36,1,18,0.5,0.5,0.5,0.6931,NA,0.75,1.2778,NA,"Eastern chipmunk (Tamius striatus)",-1.2477325251549,0
"123","DL00080_TryonLT48.csv",0,NA,20,0.5,NA,NA,NA,20,1,10,0.5,0.5,0.5,0.6931,NA,0.75,1.825,NA,"Eastern chipmunk (Tamius striatus)",-1.2477325251549,0
"124","DL00080_TryonLT56.csv",1,NA,2,0.5,NA,NA,NA,2,1,1,0.5,0.5,0.5,0.6931,NA,0.75,2.25,NA,"Eastern chipmunk (Tamius striatus)",-0.861079881562819,0.1
"125","DL00080_TryonLT03.csv",4,NA,19,0.5,NA,NA,NA,4,0.2105,2,0.1052,0.5002,0.4998,0.6927,NA,0.1579,1.6249,NA,"Eastern chipmunk (Tamius striatus)",0.298878049213417,0.4
"126","DL00080_TryonLT07.csv",6,NA,7,0.5,NA,NA,NA,2,0.2857,1,0.1428,0.5002,0.4998,0.6928,NA,0.2143,1.2503,NA,"Eastern chipmunk (Tamius striatus)",1.07218333639757,0.6
"127","DL00080_TryonLT61.csv",2,NA,7,0.5,NA,NA,NA,2,0.2857,1,0.1428,0.5002,0.4998,0.6928,NA,0.2143,1.2503,NA,"Eastern chipmunk (Tamius striatus)",-0.47442723797074,0.2
"128","DL00080_TryonLT21.csv",4,NA,12,0.5,NA,NA,NA,4,0.3333,2,0.1666,0.5002,0.4998,0.6928,NA,0.25,1.6253,NA,"Eastern chipmunk (Tamius striatus)",0.298878049213417,0.4
"129","DL00080_TryonLT08.csv",6,NA,15,0.5,NA,NA,NA,2,0.1333,1,0.0666,0.5004,0.4996,0.6924,NA,0.1,1.2506,NA,"Eastern chipmunk (Tamius striatus)",1.07218333639757,0.6
"130","DL00080_TryonLT42.csv",3,NA,18,0.5,NA,NA,NA,2,0.1111,1,0.0555,0.5005,0.4995,0.6922,NA,0.0834,0.7502,NA,"Eastern chipmunk (Tamius striatus)",-0.0877745943786614,0.3
"131","DL00080_TryonLT26.csv",0,NA,25,0.5,NA,NA,NA,25,1,12,0.48,0.52,0.48,0.6539,NA,0.76,2.04,NA,"Eastern chipmunk (Tamius striatus)",-1.2477325251549,0
"132","DL00080_TryonLT09.csv",2,NA,29,0.5,NA,NA,NA,19,0.6552,9,0.3104,0.5263,0.4737,0.642,NA,0.5,1.421,NA,"Eastern chipmunk (Tamius striatus)",-0.47442723797074,0.2
"133","DL00080_TryonLT58.csv",3,NA,71,0.5,NA,NA,NA,26,0.3662,12,0.169,0.5385,0.4615,0.619,NA,0.2817,1.8846,NA,"Eastern chipmunk (Tamius striatus)",-0.0877745943786614,0.3
"134","DL00080_TryonLT30.csv",1,NA,33,0.5,NA,NA,NA,13,0.3939,6,0.1818,0.5385,0.4615,0.619,NA,0.303,1.3846,NA,"Eastern chipmunk (Tamius striatus)",-0.861079881562819,0.1
"135","DL00080_TryonLT41.csv",5,NA,35,0.5,NA,NA,NA,11,0.3143,5,0.1429,0.5453,0.4547,0.6063,NA,0.2429,1.318,NA,"Eastern chipmunk (Tamius striatus)",0.685530692805496,0.5
"136","DL00080_TryonLT05.csv",0,NA,11,0.5,NA,NA,NA,11,1,5,0.4545,0.5455,0.4545,0.6061,NA,0.7728,2,NA,"Eastern chipmunk (Tamius striatus)",-1.2477325251549,0
"137","DL00080_TryonLT10.csv",5,NA,50,0.5,NA,NA,NA,9,0.18,4,0.08,0.5556,0.4444,0.5878,NA,0.14,1.2778,NA,"Eastern chipmunk (Tamius striatus)",0.685530692805496,0.5
"138","DL00080_TryonLT28.csv",0,NA,25,0.5,NA,NA,NA,25,1,11,0.44,0.56,0.44,0.5798,NA,0.78,1.5,NA,"Eastern chipmunk (Tamius striatus)",-1.2477325251549,0
"139","DL00080_TryonLT29.csv",0,NA,23,0.5,NA,NA,NA,23,1,10,0.4348,0.5652,0.4348,0.5706,NA,0.7826,1.1304,NA,"Eastern chipmunk (Tamius striatus)",-1.2477325251549,0
"140","DL00080_TryonLT11.csv",1,NA,20,0.5,NA,NA,NA,7,0.35,3,0.15,0.5714,0.4286,0.5596,NA,0.275,0.7857,NA,"Eastern chipmunk (Tamius striatus)",-0.861079881562819,0.1
"141","DL00080_TryonLT59.csv",2,NA,21,0.5,NA,NA,NA,7,0.3333,3,0.1428,0.5716,0.4284,0.5594,NA,0.2619,2.0719,NA,"Eastern chipmunk (Tamius striatus)",-0.47442723797074,0.2
"142","DL00080_TryonLT39.csv",0,NA,12,0.5,NA,NA,NA,12,1,5,0.4167,0.5833,0.4167,0.5391,NA,0.7917,0.7917,NA,"Eastern chipmunk (Tamius striatus)",-1.2477325251549,0
"143","DL00080_TryonLT14.csv",1,NA,29,0.5,NA,NA,NA,12,0.4138,5,0.1724,0.5834,0.4166,0.5389,NA,0.3276,1.3751,NA,"Eastern chipmunk (Tamius striatus)",-0.861079881562819,0.1
"144","DL00080_TryonLT27.csv",5,NA,48,0.5,NA,NA,NA,5,0.1042,2,0.0417,0.5998,0.4002,0.5111,NA,0.0834,1.3997,NA,"Eastern chipmunk (Tamius striatus)",0.685530692805496,0.5
"145","DL00080_TryonLT57.csv",3,NA,23,0.5,NA,NA,NA,10,0.4348,4,0.1739,0.6,0.4,0.5107,NA,0.3479,2.2501,NA,"Eastern chipmunk (Tamius striatus)",-0.0877745943786614,0.3
"146","DL00080_TryonLT48.csv",1,NA,20,0.5,NA,NA,NA,10,0.5,4,0.2,0.6,0.4,0.5108,NA,0.4,2.15,NA,"Eastern chipmunk (Tamius striatus)",-0.861079881562819,0.1
"147","DL00080_TryonLT25.csv",1,NA,12,0.5,NA,NA,NA,10,0.8333,4,0.3333,0.6,0.4,0.5108,NA,0.6667,2.3001,NA,"Eastern chipmunk (Tamius striatus)",-0.861079881562819,0.1
"148","DL00080_TryonLT27.csv",1,NA,48,0.5,NA,NA,NA,40,0.8333,16,0.3333,0.6,0.4,0.5108,NA,0.6667,1.9125,NA,"Eastern chipmunk (Tamius striatus)",-0.861079881562819,0.1
"149","DL00080_TryonLT09.csv",3,NA,29,0.5,NA,NA,NA,10,0.3448,4,0.1379,0.6001,0.3999,0.5107,NA,0.2759,1.2501,NA,"Eastern chipmunk (Tamius striatus)",-0.0877745943786614,0.3
"150","DL00080_TryonLT01.csv",3,NA,21,0.5,NA,NA,NA,5,0.2381,2,0.0952,0.6002,0.3998,0.5105,NA,0.1905,3.0002,NA,"Eastern chipmunk (Tamius striatus)",-0.0877745943786614,0.3
"151","DL00080_TryonLT10.csv",1,NA,50,0.5,NA,NA,NA,44,0.88,17,0.34,0.6136,0.3864,0.4884,NA,0.71,2.2045,NA,"Eastern chipmunk (Tamius striatus)",-0.861079881562819,0.1
"152","DL00080_TryonLT13.csv",1,NA,33,0.5,NA,NA,NA,13,0.3939,5,0.1515,0.6154,0.3846,0.4855,NA,0.3182,1.6923,NA,"Eastern chipmunk (Tamius striatus)",-0.861079881562819,0.1
"153","DL00080_TryonLT36.csv",0,NA,13,0.5,NA,NA,NA,13,1,5,0.3846,0.6154,0.3846,0.4855,NA,0.8077,2.3461,NA,"Eastern chipmunk (Tamius striatus)",-1.2477325251549,0
"154","DL00080_TryonLT03.csv",1,NA,19,0.5,NA,NA,NA,13,0.6842,5,0.2631,0.6155,0.3845,0.4854,NA,0.5527,2.2308,NA,"Eastern chipmunk (Tamius striatus)",-0.861079881562819,0.1
"155","DL00080_TryonLT01.csv",0,NA,21,0.5,NA,NA,NA,21,1,8,0.381,0.619,0.381,0.4797,NA,0.8095,2.4762,NA,"Eastern chipmunk (Tamius striatus)",-1.2477325251549,0
"156","DL00080_TryonLT13.csv",2,NA,33,0.5,NA,NA,NA,8,0.2424,3,0.0909,0.625,0.375,0.47,NA,0.197,1.4375,NA,"Eastern chipmunk (Tamius striatus)",-0.47442723797074,0.2
"157","DL00080_TryonLT18.csv",3,NA,13,0.5,NA,NA,NA,8,0.6154,3,0.2308,0.625,0.375,0.4701,NA,0.5,3.375,NA,"Eastern chipmunk (Tamius striatus)",-0.0877745943786614,0.3
"158","DL00080_TryonLT41.csv",1,NA,35,0.5,NA,NA,NA,35,1,13,0.3714,0.6286,0.3714,0.4643,NA,0.8143,2.5286,NA,"Eastern chipmunk (Tamius striatus)",-0.861079881562819,0.1
"159","DL00080_TryonLT19.csv",2,NA,21,0.5,NA,NA,NA,14,0.6667,5,0.2381,0.6429,0.3571,0.4418,NA,0.5477,3.2498,NA,"Eastern chipmunk (Tamius striatus)",-0.47442723797074,0.2
"160","DL00080_TryonLT59.csv",5,NA,21,0.5,NA,NA,NA,3,0.1429,1,0.0477,0.6662,0.3338,0.4062,NA,0.1191,0.8331,NA,"Eastern chipmunk (Tamius striatus)",0.685530692805496,0.5
"161","DL00080_TryonLT02.csv",4,NA,17,0.5,NA,NA,NA,3,0.1765,1,0.0589,0.6663,0.3337,0.406,NA,0.1471,2.3323,NA,"Eastern chipmunk (Tamius striatus)",0.298878049213417,0.4
"162","DL00080_TryonLT18.csv",9,NA,13,0.5,NA,NA,NA,3,0.2308,1,0.077,0.6664,0.3336,0.4059,NA,0.1923,0.8332,NA,"Eastern chipmunk (Tamius striatus)",2.23214126717381,0.9
"163","DL00080_TryonLT36.csv",4,NA,13,0.5,NA,NA,NA,3,0.2308,1,0.077,0.6664,0.3336,0.4059,NA,0.1923,1.4996,NA,"Eastern chipmunk (Tamius striatus)",0.298878049213417,0.4
"164","DL00080_TryonLT23.csv",2,NA,27,0.5,NA,NA,NA,6,0.2222,2,0.0741,0.6665,0.3335,0.4057,NA,0.1852,2.2498,NA,"Eastern chipmunk (Tamius striatus)",-0.47442723797074,0.2
"165","DL00080_TryonLT05.csv",1,NA,11,0.5,NA,NA,NA,6,0.5455,2,0.1819,0.6665,0.3335,0.4056,NA,0.4546,2.2497,NA,"Eastern chipmunk (Tamius striatus)",-0.861079881562819,0.1
"166","DL00080_TryonLT03.csv",3,NA,19,0.5,NA,NA,NA,6,0.3158,2,0.1053,0.6666,0.3334,0.4056,NA,0.2632,1.9164,NA,"Eastern chipmunk (Tamius striatus)",-0.0877745943786614,0.3
"167","DL00080_TryonLT20.csv",3,NA,14,0.5,NA,NA,NA,6,0.4286,2,0.1429,0.6666,0.3334,0.4056,NA,0.3572,3.1667,NA,"Eastern chipmunk (Tamius striatus)",-0.0877745943786614,0.3
"168","DL00080_TryonLT43.csv",1,NA,21,0.5,NA,NA,NA,9,0.4286,3,0.1429,0.6666,0.3334,0.4056,NA,0.3572,2.6109,NA,"Eastern chipmunk (Tamius striatus)",-0.861079881562819,0.1
"169","DL00080_TryonLT50.csv",1,NA,21,0.5,NA,NA,NA,9,0.4286,3,0.1429,0.6666,0.3334,0.4056,NA,0.3572,2.4442,NA,"Eastern chipmunk (Tamius striatus)",-0.861079881562819,0.1
"170","DL00080_TryonLT61.csv",1,NA,7,0.5,NA,NA,NA,3,0.4286,1,0.1429,0.6666,0.3334,0.4056,NA,0.3572,1.6667,NA,"Eastern chipmunk (Tamius striatus)",-0.861079881562819,0.1
"171","DL00080_TryonLT21.csv",2,NA,12,0.5,NA,NA,NA,6,0.5,2,0.1667,0.6666,0.3334,0.4056,NA,0.4167,2.5833,NA,"Eastern chipmunk (Tamius striatus)",-0.47442723797074,0.2
"172","DL00080_TryonLT27.csv",2,NA,48,0.5,NA,NA,NA,24,0.5,8,0.1667,0.6666,0.3334,0.4056,NA,0.4167,1.8541,NA,"Eastern chipmunk (Tamius striatus)",-0.47442723797074,0.2
"173","DL00080_TryonLT26.csv",4,NA,25,0.5,NA,NA,NA,3,0.12,1,0.04,0.6667,0.3333,0.4055,NA,0.1,2.3333,NA,"Eastern chipmunk (Tamius striatus)",0.298878049213417,0.4
"174","DL00080_TryonLT28.csv",3,NA,25,0.5,NA,NA,NA,3,0.12,1,0.04,0.6667,0.3333,0.4055,NA,0.1,0.8333,NA,"Eastern chipmunk (Tamius striatus)",-0.0877745943786614,0.3
"175","DL00080_TryonLT05.csv",3,NA,11,0.5,NA,NA,NA,3,0.2727,1,0.0909,0.6667,0.3333,0.4055,NA,0.2273,1.6667,NA,"Eastern chipmunk (Tamius striatus)",-0.0877745943786614,0.3
"176","DL00080_TryonLT15.csv",1,NA,22,0.5,NA,NA,NA,6,0.2727,2,0.0909,0.6667,0.3333,0.4055,NA,0.2273,0.8333,NA,"Eastern chipmunk (Tamius striatus)",-0.861079881562819,0.1
"177","DL00080_TryonLT48.csv",2,NA,20,0.5,NA,NA,NA,6,0.3,2,0.1,0.6667,0.3333,0.4055,NA,0.25,2.25,NA,"Eastern chipmunk (Tamius striatus)",-0.47442723797074,0.2
"178","DL00080_TryonLT52.csv",2,NA,10,0.5,NA,NA,NA,3,0.3,1,0.1,0.6667,0.3333,0.4055,NA,0.25,1.5,NA,"Eastern chipmunk (Tamius striatus)",-0.47442723797074,0.2
"179","DL00080_TryonLT24.csv",2,NA,9,0.5,NA,NA,NA,3,0.3333,1,0.1111,0.6667,0.3333,0.4055,NA,0.2778,2.6667,NA,"Eastern chipmunk (Tamius striatus)",-0.47442723797074,0.2
"180","DL00080_TryonLT51.csv",2,NA,9,0.5,NA,NA,NA,3,0.3333,1,0.1111,0.6667,0.3333,0.4055,NA,0.2778,1.3333,NA,"Eastern chipmunk (Tamius striatus)",-0.47442723797074,0.2
"181","DL00080_TryonLT36.csv",2,NA,13,0.5,NA,NA,NA,6,0.4615,2,0.1538,0.6667,0.3333,0.4054,NA,0.3846,2.1667,NA,"Eastern chipmunk (Tamius striatus)",-0.47442723797074,0.2
"182","DL00080_TryonLT04.csv",3,NA,10,0.5,NA,NA,NA,6,0.6,2,0.2,0.6667,0.3333,0.4055,NA,0.5,3.0833,NA,"Eastern chipmunk (Tamius striatus)",-0.0877745943786614,0.3
"183","DL00080_TryonLT57.csv",2,NA,23,0.5,NA,NA,NA,15,0.6522,5,0.2174,0.6667,0.3333,0.4055,NA,0.5435,2.3334,NA,"Eastern chipmunk (Tamius striatus)",-0.47442723797074,0.2
"184","DL00080_TryonLT18.csv",2,NA,13,0.5,NA,NA,NA,12,0.9231,4,0.3077,0.6667,0.3333,0.4055,NA,0.7693,3.0834,NA,"Eastern chipmunk (Tamius striatus)",-0.47442723797074,0.2
"185","DL00080_TryonLT08.csv",0,NA,15,0.5,NA,NA,NA,15,1,5,0.3333,0.6667,0.3333,0.4054,NA,0.8334,2.6,NA,"Eastern chipmunk (Tamius striatus)",-1.2477325251549,0
"186","DL00080_TryonLT12.csv",0,NA,18,0.5,NA,NA,NA,18,1,6,0.3333,0.6667,0.3333,0.4054,NA,0.8334,1.6945,NA,"Eastern chipmunk (Tamius striatus)",-1.2477325251549,0
"187","DL00080_TryonLT21.csv",0,NA,12,0.5,NA,NA,NA,12,1,4,0.3333,0.6667,0.3333,0.4054,NA,0.8334,2.7084,NA,"Eastern chipmunk (Tamius striatus)",-1.2477325251549,0
"188","DL00080_TryonLT51.csv",0,NA,9,0.5,NA,NA,NA,9,1,3,0.3333,0.6667,0.3333,0.4054,NA,0.8334,1.7778,NA,"Eastern chipmunk (Tamius striatus)",-1.2477325251549,0
"189","DL00080_TryonLT20.csv",6,NA,14,0.5,NA,NA,NA,3,0.2143,1,0.0714,0.6668,0.3332,0.4052,NA,0.1786,2.1671,NA,"Eastern chipmunk (Tamius striatus)",1.07218333639757,0.6
"190","DL00080_TryonLT02.csv",2,NA,17,0.5,NA,NA,NA,6,0.3529,2,0.1176,0.6668,0.3332,0.4053,NA,0.2941,2.5833,NA,"Eastern chipmunk (Tamius striatus)",-0.47442723797074,0.2
"191","DL00080_TryonLT23.csv",4,NA,27,0.5,NA,NA,NA,3,0.1111,1,0.037,0.667,0.333,0.405,NA,0.0926,1.6665,NA,"Eastern chipmunk (Tamius striatus)",0.298878049213417,0.4
"192","DL00080_TryonLT03.csv",0,NA,19,0.5,NA,NA,NA,19,1,6,0.3158,0.6842,0.3158,0.3795,NA,0.8421,2.3684,NA,"Eastern chipmunk (Tamius striatus)",-1.2477325251549,0
"193","DL00080_TryonLT09.csv",0,NA,29,0.5,NA,NA,NA,29,1,9,0.3103,0.6897,0.3103,0.3715,NA,0.8449,2.4484,NA,"Eastern chipmunk (Tamius striatus)",-1.2477325251549,0
"194","DL00080_TryonLT26.csv",1,NA,25,0.5,NA,NA,NA,13,0.52,4,0.16,0.6923,0.3077,0.3677,NA,0.44,2.4615,NA,"Eastern chipmunk (Tamius striatus)",-0.861079881562819,0.1
"195","DL00080_TryonLT19.csv",1,NA,21,0.5,NA,NA,NA,20,0.9524,6,0.2857,0.7,0.3,0.3566,NA,0.8096,3.1249,NA,"Eastern chipmunk (Tamius striatus)",-0.861079881562819,0.1
"196","DL00080_TryonLT04.csv",0,NA,10,0.5,NA,NA,NA,10,1,3,0.3,0.7,0.3,0.3567,NA,0.85,4.05,NA,"Eastern chipmunk (Tamius striatus)",-1.2477325251549,0
"197","DL00080_TryonLT06.csv",0,NA,20,0.5,NA,NA,NA,20,1,6,0.3,0.7,0.3,0.3567,NA,0.85,4.825,NA,"Eastern chipmunk (Tamius striatus)",-1.2477325251549,0
"198","DL00080_TryonLT35.csv",2,NA,13,0.5,NA,NA,NA,10,0.7692,3,0.2307,0.7001,0.2999,0.3566,NA,0.6539,1.9501,NA,"Eastern chipmunk (Tamius striatus)",-0.47442723797074,0.2
"199","DL00080_TryonLT62.csv",0,NA,54,0.5,NA,NA,NA,54,1,16,0.2963,0.7037,0.2963,0.3514,NA,0.8519,1.5185,NA,"Eastern chipmunk (Tamius striatus)",-1.2477325251549,0
"200","DL00080_TryonLT49.csv",2,NA,69,0.5,NA,NA,NA,27,0.3913,8,0.1159,0.7038,0.2962,0.3512,NA,0.3334,1.5929,NA,"Eastern chipmunk (Tamius striatus)",-0.47442723797074,0.2
"201","DL00080_TryonLT41.csv",3,NA,35,0.5,NA,NA,NA,17,0.4857,5,0.1428,0.706,0.294,0.3482,NA,0.4143,2.3824,NA,"Eastern chipmunk (Tamius striatus)",-0.0877745943786614,0.3
"202","DL00080_TryonLT35.csv",3,NA,13,0.5,NA,NA,NA,7,0.5385,2,0.1539,0.7142,0.2858,0.3366,NA,0.4616,1.5713,NA,"Eastern chipmunk (Tamius striatus)",-0.0877745943786614,0.3
"203","DL00080_TryonLT19.csv",5,NA,21,0.5,NA,NA,NA,7,0.3333,2,0.0952,0.7144,0.2856,0.3364,NA,0.2857,2.7145,NA,"Eastern chipmunk (Tamius striatus)",0.685530692805496,0.5
"204","DL00080_TryonLT27.csv",4,NA,48,0.5,NA,NA,NA,7,0.1458,2,0.0416,0.7147,0.2853,0.3359,NA,0.125,1.8577,NA,"Eastern chipmunk (Tamius striatus)",0.298878049213417,0.4
"205","DL00080_TryonLT23.csv",1,NA,27,0.5,NA,NA,NA,8,0.2963,2,0.0741,0.7499,0.2501,0.2878,NA,0.2593,2.5621,NA,"Eastern chipmunk (Tamius striatus)",-0.861079881562819,0.1
"206","DL00080_TryonLT03.csv",2,NA,19,0.5,NA,NA,NA,8,0.4211,2,0.1053,0.7499,0.2501,0.2878,NA,0.3685,2.3122,NA,"Eastern chipmunk (Tamius striatus)",-0.47442723797074,0.2
"207","DL00080_TryonLT36.csv",1,NA,13,0.5,NA,NA,NA,8,0.6154,2,0.1539,0.7499,0.2501,0.2878,NA,0.5385,2.4998,NA,"Eastern chipmunk (Tamius striatus)",-0.861079881562819,0.1
"208","DL00080_TryonLT06.csv",8,NA,20,0.5,NA,NA,NA,4,0.2,1,0.05,0.75,0.25,0.2877,NA,0.175,1.625,NA,"Eastern chipmunk (Tamius striatus)",1.84548862358173,0.8
"209","DL00080_TryonLT48.csv",3,NA,20,0.5,NA,NA,NA,4,0.2,1,0.05,0.75,0.25,0.2877,NA,0.175,2.125,NA,"Eastern chipmunk (Tamius striatus)",-0.0877745943786614,0.3
"210","DL00080_TryonLT05.csv",2,NA,11,0.5,NA,NA,NA,4,0.3636,1,0.0909,0.75,0.25,0.2877,NA,0.3182,2.125,NA,"Eastern chipmunk (Tamius striatus)",-0.47442723797074,0.2
"211","DL00080_TryonLT53.csv",1,NA,55,0.5,NA,NA,NA,24,0.4364,6,0.1091,0.75,0.25,0.2877,NA,0.3819,0.875,NA,"Eastern chipmunk (Tamius striatus)",-0.861079881562819,0.1
"212","DL00080_TryonLT24.csv",1,NA,9,0.5,NA,NA,NA,4,0.4444,1,0.1111,0.75,0.25,0.2877,NA,0.3889,2.875,NA,"Eastern chipmunk (Tamius striatus)",-0.861079881562819,0.1
"213","DL00080_TryonLT08.csv",2,NA,15,0.5,NA,NA,NA,8,0.5333,2,0.1333,0.75,0.25,0.2876,NA,0.4667,2.1875,NA,"Eastern chipmunk (Tamius striatus)",-0.47442723797074,0.2
"214","DL00080_TryonLT21.csv",1,NA,12,0.5,NA,NA,NA,8,0.6667,2,0.1667,0.75,0.25,0.2877,NA,0.5834,2.8124,NA,"Eastern chipmunk (Tamius striatus)",-0.861079881562819,0.1
"215","DL00080_TryonLT60.csv",0,NA,4,0.5,NA,NA,NA,4,1,1,0.25,0.75,0.25,0.2877,NA,0.875,0.875,NA,"Eastern chipmunk (Tamius striatus)",-1.2477325251549,0
"216","DL00080_TryonLT59.csv",3,NA,21,0.5,NA,NA,NA,4,0.1905,1,0.0476,0.7501,0.2499,0.2875,NA,0.1667,2.2501,NA,"Eastern chipmunk (Tamius striatus)",-0.0877745943786614,0.3
"217","DL00080_TryonLT02.csv",3,NA,17,0.5,NA,NA,NA,4,0.2353,1,0.0588,0.7501,0.2499,0.2875,NA,0.2059,2.6245,NA,"Eastern chipmunk (Tamius striatus)",-0.0877745943786614,0.3
"218","DL00080_TryonLT20.csv",5,NA,14,0.5,NA,NA,NA,4,0.2857,1,0.0714,0.7501,0.2499,0.2876,NA,0.25,2.5005,NA,"Eastern chipmunk (Tamius striatus)",0.685530692805496,0.5
"219","DL00080_TryonLT18.csv",6,NA,13,0.5,NA,NA,NA,4,0.3077,1,0.0769,0.7501,0.2499,0.2876,NA,0.2693,3.0002,NA,"Eastern chipmunk (Tamius striatus)",1.07218333639757,0.6
"220","DL00080_TryonLT36.csv",3,NA,13,0.5,NA,NA,NA,4,0.3077,1,0.0769,0.7501,0.2499,0.2876,NA,0.2693,1.9998,NA,"Eastern chipmunk (Tamius striatus)",-0.0877745943786614,0.3
"221","DL00080_TryonLT23.csv",3,NA,27,0.5,NA,NA,NA,4,0.1481,1,0.037,0.7502,0.2498,0.2875,NA,0.1296,2.1253,NA,"Eastern chipmunk (Tamius striatus)",-0.0877745943786614,0.3
"222","DL00080_TryonLT35.csv",1,NA,13,0.5,NA,NA,NA,13,1,3,0.2308,0.7692,0.2308,0.2624,NA,0.8846,2.3846,NA,"Eastern chipmunk (Tamius striatus)",-0.861079881562819,0.1
"223","DL00080_TryonLT41.csv",2,NA,35,0.5,NA,NA,NA,22,0.6286,5,0.1429,0.7727,0.2273,0.2579,NA,0.5572,2.7272,NA,"Eastern chipmunk (Tamius striatus)",-0.47442723797074,0.2
"224","DL00080_TryonLT19.csv",3,NA,21,0.5,NA,NA,NA,9,0.4286,2,0.0953,0.7776,0.2224,0.2515,NA,0.381,3.7774,NA,"Eastern chipmunk (Tamius striatus)",-0.0877745943786614,0.3
"225","DL00080_TryonLT57.csv",0,NA,23,0.5,NA,NA,NA,23,1,5,0.2174,0.7826,0.2174,0.2451,NA,0.8913,3.1306,NA,"Eastern chipmunk (Tamius striatus)",-1.2477325251549,0
"226","DL00080_TryonLT54.csv",0,NA,42,0.5,NA,NA,NA,42,1,9,0.2143,0.7857,0.2143,0.2412,NA,0.8929,0.8929,NA,"Eastern chipmunk (Tamius striatus)",-1.2477325251549,0
"227","DL00080_TryonLT12.csv",2,NA,18,0.5,NA,NA,NA,5,0.2778,1,0.0556,0.7999,0.2001,0.2233,NA,0.25,1.3999,NA,"Eastern chipmunk (Tamius striatus)",-0.47442723797074,0.2
"228","DL00080_TryonLT08.csv",1,NA,15,0.5,NA,NA,NA,10,0.6667,2,0.1334,0.7999,0.2001,0.2233,NA,0.6,2.6498,NA,"Eastern chipmunk (Tamius striatus)",-0.861079881562819,0.1
"229","DL00080_TryonLT49.csv",4,NA,69,0.5,NA,NA,NA,5,0.0725,1,0.0145,0.8,0.2,0.2231,NA,0.0653,1.6,NA,"Eastern chipmunk (Tamius striatus)",0.298878049213417,0.4
"230","DL00080_TryonLT10.csv",6,NA,50,0.5,NA,NA,NA,5,0.1,1,0.02,0.8,0.2,0.2231,NA,0.09,0.9,NA,"Eastern chipmunk (Tamius striatus)",1.07218333639757,0.6
"231","DL00080_TryonLT06.csv",5,NA,20,0.5,NA,NA,NA,10,0.5,2,0.1,0.8,0.2,0.2231,NA,0.45,2.95,NA,"Eastern chipmunk (Tamius striatus)",0.685530692805496,0.5
"232","DL00080_TryonLT19.csv",6,NA,21,0.5,NA,NA,NA,5,0.2381,1,0.0476,0.8001,0.1999,0.223,NA,0.2143,2.6,NA,"Eastern chipmunk (Tamius striatus)",1.07218333639757,0.6
"233","DL00080_TryonLT43.csv",4,NA,21,0.5,NA,NA,NA,5,0.2381,1,0.0476,0.8001,0.1999,0.223,NA,0.2143,0.9,NA,"Eastern chipmunk (Tamius striatus)",0.298878049213417,0.4
"234","DL00080_TryonLT50.csv",3,NA,21,0.5,NA,NA,NA,5,0.2381,1,0.0476,0.8001,0.1999,0.223,NA,0.2143,1.7999,NA,"Eastern chipmunk (Tamius striatus)",-0.0877745943786614,0.3
"235","DL00080_TryonLT18.csv",4,NA,13,0.5,NA,NA,NA,5,0.3846,1,0.0769,0.8001,0.1999,0.2231,NA,0.3462,4.1004,NA,"Eastern chipmunk (Tamius striatus)",0.298878049213417,0.4
"236","DL00080_TryonLT58.csv",2,NA,71,0.5,NA,NA,NA,32,0.4507,6,0.0845,0.8125,0.1875,0.2076,NA,0.4085,2.4375,NA,"Eastern chipmunk (Tamius striatus)",-0.47442723797074,0.2
"237","DL00080_TryonLT10.csv",2,NA,50,0.5,NA,NA,NA,27,0.54,5,0.1,0.8148,0.1852,0.2048,NA,0.49,2.2778,NA,"Eastern chipmunk (Tamius striatus)",-0.47442723797074,0.2
"238","DL00080_TryonLT02.csv",0,NA,17,0.5,NA,NA,NA,17,1,3,0.1765,0.8235,0.1765,0.1942,NA,0.9118,2.4116,NA,"Eastern chipmunk (Tamius striatus)",-1.2477325251549,0
"239","DL00080_TryonLT57.csv",4,NA,23,0.5,NA,NA,NA,6,0.2609,1,0.0435,0.8333,0.1667,0.1824,NA,0.2392,2.4166,NA,"Eastern chipmunk (Tamius striatus)",0.298878049213417,0.4
"240","DL00080_TryonLT06.csv",4,NA,20,0.5,NA,NA,NA,12,0.6,2,0.1,0.8333,0.1667,0.1823,NA,0.55,3.375,NA,"Eastern chipmunk (Tamius striatus)",0.298878049213417,0.4
"241","DL00080_TryonLT25.csv",0,NA,12,0.5,NA,NA,NA,12,1,2,0.1667,0.8333,0.1667,0.1824,NA,0.9167,2.8334,NA,"Eastern chipmunk (Tamius striatus)",-1.2477325251549,0
"242","DL00080_TryonLT27.csv",0,NA,48,0.5,NA,NA,NA,48,1,8,0.1667,0.8333,0.1667,0.1824,NA,0.9167,2.5104,NA,"Eastern chipmunk (Tamius striatus)",-1.2477325251549,0
"243","DL00080_TryonLT43.csv",3,NA,21,0.5,NA,NA,NA,6,0.2857,1,0.0476,0.8334,0.1666,0.1823,NA,0.2619,1.6668,NA,"Eastern chipmunk (Tamius striatus)",-0.0877745943786614,0.3
"244","DL00080_TryonLT50.csv",2,NA,21,0.5,NA,NA,NA,6,0.2857,1,0.0476,0.8334,0.1666,0.1823,NA,0.2619,2.4167,NA,"Eastern chipmunk (Tamius striatus)",-0.47442723797074,0.2
"245","DL00080_TryonLT25.csv",3,NA,12,0.5,NA,NA,NA,6,0.5,1,0.0833,0.8334,0.1666,0.1822,NA,0.4584,1.5001,NA,"Eastern chipmunk (Tamius striatus)",-0.0877745943786614,0.3
"246","DL00080_TryonLT57.csv",1,NA,23,0.5,NA,NA,NA,18,0.7826,3,0.1304,0.8334,0.1666,0.1823,NA,0.7174,2.8613,NA,"Eastern chipmunk (Tamius striatus)",-0.861079881562819,0.1
"247","DL00080_TryonLT07.csv",2,NA,7,0.5,NA,NA,NA,6,0.8571,1,0.1428,0.8334,0.1666,0.1823,NA,0.7857,3.0835,NA,"Eastern chipmunk (Tamius striatus)",-0.47442723797074,0.2
"248","DL00080_TryonLT01.csv",1,NA,21,0.5,NA,NA,NA,13,0.619,2,0.0952,0.8462,0.1538,0.167,NA,0.5714,2.6926,NA,"Eastern chipmunk (Tamius striatus)",-0.861079881562819,0.1
"249","DL00080_TryonLT04.csv",2,NA,10,0.5,NA,NA,NA,7,0.7,1,0.1,0.8571,0.1429,0.1542,NA,0.65,3.5714,NA,"Eastern chipmunk (Tamius striatus)",-0.47442723797074,0.2
"250","DL00080_TryonLT06.csv",2,NA,20,0.5,NA,NA,NA,14,0.7,2,0.1,0.8571,0.1429,0.1542,NA,0.65,4.6786,NA,"Eastern chipmunk (Tamius striatus)",-0.47442723797074,0.2
"251","DL00080_TryonLT07.csv",1,NA,7,0.5,NA,NA,NA,7,1,1,0.1429,0.8571,0.1429,0.1542,NA,0.9286,3.5715,NA,"Eastern chipmunk (Tamius striatus)",-0.861079881562819,0.1
"252","DL00080_TryonLT31.csv",2,NA,36,0.5,NA,NA,NA,7,0.1944,1,0.0277,0.8575,0.1425,0.1537,NA,0.1806,0.9288,NA,"Eastern chipmunk (Tamius striatus)",-0.47442723797074,0.2
"253","DL00080_TryonLT49.csv",0,NA,69,0.5,NA,NA,NA,69,1,9,0.1304,0.8696,0.1304,0.1397,NA,0.9348,2.1886,NA,"Eastern chipmunk (Tamius striatus)",-1.2477325251549,0
"254","DL00080_TryonLT59.csv",1,NA,21,0.5,NA,NA,NA,8,0.381,1,0.0477,0.8748,0.1252,0.1338,NA,0.3572,2.7499,NA,"Eastern chipmunk (Tamius striatus)",-0.861079881562819,0.1
"255","DL00080_TryonLT10.csv",0,NA,50,0.5,NA,NA,NA,50,1,6,0.12,0.88,0.12,0.1278,NA,0.94,2.88,NA,"Eastern chipmunk (Tamius striatus)",-1.2477325251549,0
"256","DL00080_TryonLT26.csv",2,NA,25,0.5,NA,NA,NA,9,0.36,1,0.04,0.8889,0.1111,0.1178,NA,0.34,2.3333,NA,"Eastern chipmunk (Tamius striatus)",-0.47442723797074,0.2
"257","DL00080_TryonLT62.csv",1,NA,54,0.5,NA,NA,NA,38,0.7037,4,0.0741,0.8947,0.1053,0.1113,NA,0.6667,0.9473,NA,"Eastern chipmunk (Tamius striatus)",-0.861079881562819,0.1
"258","DL00080_TryonLT10.csv",4,NA,50,0.5,NA,NA,NA,10,0.2,1,0.02,0.9,0.1,0.1054,NA,0.19,2.1,NA,"Eastern chipmunk (Tamius striatus)",0.298878049213417,0.4
"259","DL00080_TryonLT38.csv",1,NA,48,0.5,NA,NA,NA,11,0.2292,1,0.0209,0.9088,0.0912,0.0956,NA,0.2188,0.9544,NA,"Eastern chipmunk (Tamius striatus)",-0.861079881562819,0.1
"260","DL00080_TryonLT41.csv",4,NA,35,0.5,NA,NA,NA,12,0.3429,1,0.0286,0.9166,0.0834,0.0871,NA,0.3286,2.1664,NA,"Eastern chipmunk (Tamius striatus)",0.298878049213417,0.4
"261","DL00080_TryonLT18.csv",0,NA,13,0.5,NA,NA,NA,13,1,1,0.0769,0.9231,0.0769,0.08,NA,0.9616,4.7309,NA,"Eastern chipmunk (Tamius striatus)",-1.2477325251549,0
"262","DL00080_TryonLT44.csv",1,NA,35,0.5,NA,NA,NA,13,0.3714,1,0.0285,0.9233,0.0767,0.0798,NA,0.3572,0.9616,NA,"Eastern chipmunk (Tamius striatus)",-0.861079881562819,0.1
"263","DL00080_TryonLT58.csv",4,NA,71,0.5,NA,NA,NA,14,0.1972,1,0.0141,0.9285,0.0715,0.0742,NA,0.1902,2.0712,NA,"Eastern chipmunk (Tamius striatus)",0.298878049213417,0.4
"264","DL00080_TryonLT58.csv",0,NA,71,0.5,NA,NA,NA,71,1,5,0.0704,0.9296,0.0704,0.073,NA,0.9648,2.7536,NA,"Eastern chipmunk (Tamius striatus)",-1.2477325251549,0
"265","DL00080_TryonLT09.csv",1,NA,29,0.5,NA,NA,NA,20,0.6897,1,0.0345,0.95,0.05,0.0513,NA,0.6725,2.3249,NA,"Eastern chipmunk (Tamius striatus)",-0.861079881562819,0.1
"266","DL00080_TryonLT19.csv",0,NA,21,0.5,NA,NA,NA,21,1,1,0.0476,0.9524,0.0476,0.0488,NA,0.9762,3.9524,NA,"Eastern chipmunk (Tamius striatus)",-1.2477325251549,0
"267","DL00080_TryonLT01.csv",4,NA,21,0.5,NA,NA,NA,3,0.1429,0,0,1,0,0,NA,0.1429,3.6659,NA,"Eastern chipmunk (Tamius striatus)",0.298878049213417,0.4
"268","DL00080_TryonLT01.csv",5,NA,21,0.5,NA,NA,NA,3,0.1429,0,0,1,0,0,NA,0.1429,2.6659,NA,"Eastern chipmunk (Tamius striatus)",0.685530692805496,0.5
"269","DL00080_TryonLT01.csv",7,NA,21,0.5,NA,NA,NA,1,0.0476,0,0,1,0,0,NA,0.0476,3,NA,"Eastern chipmunk (Tamius striatus)",1.45883597998965,0.7
"270","DL00080_TryonLT01.csv",8,NA,21,0.5,NA,NA,NA,1,0.0476,0,0,1,0,0,NA,0.0476,2,NA,"Eastern chipmunk (Tamius striatus)",1.84548862358173,0.8
"271","DL00080_TryonLT01.csv",9,NA,21,0.5,NA,NA,NA,1,0.0476,0,0,1,0,0,NA,0.0476,1,NA,"Eastern chipmunk (Tamius striatus)",2.23214126717381,0.9
"272","DL00080_TryonLT02.csv",6,NA,17,0.5,NA,NA,NA,1,0.0588,0,0,1,0,0,NA,0.0588,3,NA,"Eastern chipmunk (Tamius striatus)",1.07218333639757,0.6
"273","DL00080_TryonLT02.csv",7,NA,17,0.5,NA,NA,NA,1,0.0588,0,0,1,0,0,NA,0.0588,2,NA,"Eastern chipmunk (Tamius striatus)",1.45883597998965,0.7
"274","DL00080_TryonLT02.csv",8,NA,17,0.5,NA,NA,NA,1,0.0588,0,0,1,0,0,NA,0.0588,1,NA,"Eastern chipmunk (Tamius striatus)",1.84548862358173,0.8
"275","DL00080_TryonLT03.csv",6,NA,19,0.5,NA,NA,NA,1,0.0526,0,0,1,0,0,NA,0.0526,2,NA,"Eastern chipmunk (Tamius striatus)",1.07218333639757,0.6
"276","DL00080_TryonLT03.csv",7,NA,19,0.5,NA,NA,NA,1,0.0526,0,0,1,0,0,NA,0.0526,1,NA,"Eastern chipmunk (Tamius striatus)",1.45883597998965,0.7
"277","DL00080_TryonLT04.csv",1,NA,10,0.5,NA,NA,NA,7,0.7,0,0,1,0,0,NA,0.7,4.5714,NA,"Eastern chipmunk (Tamius striatus)",-0.861079881562819,0.1
"278","DL00080_TryonLT04.csv",4,NA,10,0.5,NA,NA,NA,4,0.4,0,0,1,0,0,NA,0.4,3.375,NA,"Eastern chipmunk (Tamius striatus)",0.298878049213417,0.4
"279","DL00080_TryonLT04.csv",5,NA,10,0.5,NA,NA,NA,4,0.4,0,0,1,0,0,NA,0.4,2.375,NA,"Eastern chipmunk (Tamius striatus)",0.685530692805496,0.5
"280","DL00080_TryonLT04.csv",8,NA,10,0.5,NA,NA,NA,1,0.1,0,0,1,0,0,NA,0.1,1,NA,"Eastern chipmunk (Tamius striatus)",1.84548862358173,0.8
"281","DL00080_TryonLT05.csv",5,NA,11,0.5,NA,NA,NA,1,0.0909,0,0,1,0,0,NA,0.0909,1,NA,"Eastern chipmunk (Tamius striatus)",0.685530692805496,0.5
"282","DL00080_TryonLT06.csv",1,NA,20,0.5,NA,NA,NA,14,0.7,0,0,1,0,0,NA,0.7,5.6786,NA,"Eastern chipmunk (Tamius striatus)",-0.861079881562819,0.1
"283","DL00080_TryonLT06.csv",3,NA,20,0.5,NA,NA,NA,12,0.6,0,0,1,0,0,NA,0.6,4.375,NA,"Eastern chipmunk (Tamius striatus)",-0.0877745943786614,0.3
"284","DL00080_TryonLT06.csv",6,NA,20,0.5,NA,NA,NA,8,0.4,0,0,1,0,0,NA,0.4,2.5625,NA,"Eastern chipmunk (Tamius striatus)",1.07218333639757,0.6
"285","DL00080_TryonLT06.csv",9,NA,20,0.5,NA,NA,NA,3,0.15,0,0,1,0,0,NA,0.15,1,NA,"Eastern chipmunk (Tamius striatus)",2.23214126717381,0.9
"286","DL00080_TryonLT07.csv",0,NA,7,0.5,NA,NA,NA,7,1,0,0,1,0,0,NA,1,4.5715,NA,"Eastern chipmunk (Tamius striatus)",-1.2477325251549,0
"287","DL00080_TryonLT07.csv",3,NA,7,0.5,NA,NA,NA,5,0.7143,0,0,1,0,0,NA,0.7143,2.6,NA,"Eastern chipmunk (Tamius striatus)",-0.0877745943786614,0.3
"288","DL00080_TryonLT07.csv",5,NA,7,0.5,NA,NA,NA,2,0.2857,0,0,1,0,0,NA,0.2857,2.2503,NA,"Eastern chipmunk (Tamius striatus)",0.685530692805496,0.5
"289","DL00080_TryonLT07.csv",7,NA,7,0.5,NA,NA,NA,1,0.1429,0,0,1,0,0,NA,0.1429,1,NA,"Eastern chipmunk (Tamius striatus)",1.45883597998965,0.7
"290","DL00080_TryonLT08.csv",4,NA,15,0.5,NA,NA,NA,2,0.1333,0,0,1,0,0,NA,0.1333,3.2506,NA,"Eastern chipmunk (Tamius striatus)",0.298878049213417,0.4
"291","DL00080_TryonLT08.csv",5,NA,15,0.5,NA,NA,NA,2,0.1333,0,0,1,0,0,NA,0.1333,2.2506,NA,"Eastern chipmunk (Tamius striatus)",0.685530692805496,0.5
"292","DL00080_TryonLT08.csv",7,NA,15,0.5,NA,NA,NA,1,0.0667,0,0,1,0,0,NA,0.0667,1,NA,"Eastern chipmunk (Tamius striatus)",1.45883597998965,0.7
"293","DL00080_TryonLT09.csv",5,NA,29,0.5,NA,NA,NA,1,0.0345,0,0,1,0,0,NA,0.0345,1,NA,"Eastern chipmunk (Tamius striatus)",0.685530692805496,0.5
"294","DL00080_TryonLT13.csv",3,NA,33,0.5,NA,NA,NA,5,0.1515,0,0,1,0,0,NA,0.1515,1,NA,"Eastern chipmunk (Tamius striatus)",-0.0877745943786614,0.3
"295","DL00080_TryonLT14.csv",2,NA,29,0.5,NA,NA,NA,7,0.2414,0,0,1,0,0,NA,0.2414,1,NA,"Eastern chipmunk (Tamius striatus)",-0.47442723797074,0.2
"296","DL00080_TryonLT18.csv",1,NA,13,0.5,NA,NA,NA,12,0.9231,0,0,1,0,0,NA,0.9231,4.0834,NA,"Eastern chipmunk (Tamius striatus)",-0.861079881562819,0.1
"297","DL00080_TryonLT18.csv",5,NA,13,0.5,NA,NA,NA,4,0.3077,0,0,1,0,0,NA,0.3077,4.0002,NA,"Eastern chipmunk (Tamius striatus)",0.685530692805496,0.5
"298","DL00080_TryonLT18.csv",7,NA,13,0.5,NA,NA,NA,3,0.2308,0,0,1,0,0,NA,0.2308,2.8332,NA,"Eastern chipmunk (Tamius striatus)",1.45883597998965,0.7
"299","DL00080_TryonLT18.csv",8,NA,13,0.5,NA,NA,NA,3,0.2308,0,0,1,0,0,NA,0.2308,1.8332,NA,"Eastern chipmunk (Tamius striatus)",1.84548862358173,0.8
"300","DL00080_TryonLT19.csv",4,NA,21,0.5,NA,NA,NA,7,0.3333,0,0,1,0,0,NA,0.3333,3.7145,NA,"Eastern chipmunk (Tamius striatus)",0.298878049213417,0.4
"301","DL00080_TryonLT19.csv",7,NA,21,0.5,NA,NA,NA,4,0.1905,0,0,1,0,0,NA,0.1905,2.1247,NA,"Eastern chipmunk (Tamius striatus)",1.45883597998965,0.7
"302","DL00080_TryonLT20.csv",1,NA,14,0.5,NA,NA,NA,6,0.4286,0,0,1,0,0,NA,0.4286,5.1667,NA,"Eastern chipmunk (Tamius striatus)",-0.861079881562819,0.1
"303","DL00080_TryonLT20.csv",2,NA,14,0.5,NA,NA,NA,6,0.4286,0,0,1,0,0,NA,0.4286,4.1667,NA,"Eastern chipmunk (Tamius striatus)",-0.47442723797074,0.2
"304","DL00080_TryonLT20.csv",4,NA,14,0.5,NA,NA,NA,4,0.2857,0,0,1,0,0,NA,0.2857,3.5005,NA,"Eastern chipmunk (Tamius striatus)",0.298878049213417,0.4
"305","DL00080_TryonLT20.csv",7,NA,14,0.5,NA,NA,NA,2,0.1429,0,0,1,0,0,NA,0.1429,2,NA,"Eastern chipmunk (Tamius striatus)",1.45883597998965,0.7
"306","DL00080_TryonLT20.csv",8,NA,14,0.5,NA,NA,NA,2,0.1429,0,0,1,0,0,NA,0.1429,1,NA,"Eastern chipmunk (Tamius striatus)",1.84548862358173,0.8
"307","DL00080_TryonLT21.csv",3,NA,12,0.5,NA,NA,NA,4,0.3333,0,0,1,0,0,NA,0.3333,2.6253,NA,"Eastern chipmunk (Tamius striatus)",-0.0877745943786614,0.3
"308","DL00080_TryonLT21.csv",5,NA,12,0.5,NA,NA,NA,2,0.1667,0,0,1,0,0,NA,0.1667,1.7499,NA,"Eastern chipmunk (Tamius striatus)",0.685530692805496,0.5
"309","DL00080_TryonLT22.csv",1,NA,9,0.5,NA,NA,NA,2,0.2222,0,0,1,0,0,NA,0.2222,6.25,NA,"Eastern chipmunk (Tamius striatus)",-0.861079881562819,0.1
"310","DL00080_TryonLT22.csv",2,NA,9,0.5,NA,NA,NA,2,0.2222,0,0,1,0,0,NA,0.2222,5.25,NA,"Eastern chipmunk (Tamius striatus)",-0.47442723797074,0.2
"311","DL00080_TryonLT22.csv",3,NA,9,0.5,NA,NA,NA,2,0.2222,0,0,1,0,0,NA,0.2222,4.25,NA,"Eastern chipmunk (Tamius striatus)",-0.0877745943786614,0.3
"312","DL00080_TryonLT22.csv",4,NA,9,0.5,NA,NA,NA,2,0.2222,0,0,1,0,0,NA,0.2222,3.25,NA,"Eastern chipmunk (Tamius striatus)",0.298878049213417,0.4
"313","DL00080_TryonLT22.csv",5,NA,9,0.5,NA,NA,NA,2,0.2222,0,0,1,0,0,NA,0.2222,2.25,NA,"Eastern chipmunk (Tamius striatus)",0.685530692805496,0.5
"314","DL00080_TryonLT22.csv",7,NA,9,0.5,NA,NA,NA,1,0.1111,0,0,1,0,0,NA,0.1111,1,NA,"Eastern chipmunk (Tamius striatus)",1.45883597998965,0.7
"315","DL00080_TryonLT23.csv",6,NA,27,0.5,NA,NA,NA,1,0.037,0,0,1,0,0,NA,0.037,1,NA,"Eastern chipmunk (Tamius striatus)",1.07218333639757,0.6
"316","DL00080_TryonLT24.csv",3,NA,9,0.5,NA,NA,NA,2,0.2222,0,0,1,0,0,NA,0.2222,2.75,NA,"Eastern chipmunk (Tamius striatus)",-0.0877745943786614,0.3
"317","DL00080_TryonLT24.csv",5,NA,9,0.5,NA,NA,NA,1,0.1111,0,0,1,0,0,NA,0.1111,2,NA,"Eastern chipmunk (Tamius striatus)",0.685530692805496,0.5
"318","DL00080_TryonLT24.csv",6,NA,9,0.5,NA,NA,NA,1,0.1111,0,0,1,0,0,NA,0.1111,1,NA,"Eastern chipmunk (Tamius striatus)",1.07218333639757,0.6
"319","DL00080_TryonLT25.csv",2,NA,12,0.5,NA,NA,NA,6,0.5,0,0,1,0,0,NA,0.5,2.5001,NA,"Eastern chipmunk (Tamius striatus)",-0.47442723797074,0.2
"320","DL00080_TryonLT26.csv",5,NA,25,0.5,NA,NA,NA,2,0.08,0,0,1,0,0,NA,0.08,2.25,NA,"Eastern chipmunk (Tamius striatus)",0.685530692805496,0.5
"321","DL00080_TryonLT26.csv",7,NA,25,0.5,NA,NA,NA,1,0.04,0,0,1,0,0,NA,0.04,1,NA,"Eastern chipmunk (Tamius striatus)",1.45883597998965,0.7
"322","DL00080_TryonLT27.csv",6,NA,48,0.5,NA,NA,NA,3,0.0625,0,0,1,0,0,NA,0.0625,1,NA,"Eastern chipmunk (Tamius striatus)",1.07218333639757,0.6
"323","DL00080_TryonLT30.csv",3,NA,33,0.5,NA,NA,NA,3,0.0909,0,0,1,0,0,NA,0.0909,1,NA,"Eastern chipmunk (Tamius striatus)",-0.0877745943786614,0.3
"324","DL00080_TryonLT35.csv",0,NA,13,0.5,NA,NA,NA,13,1,0,0,1,0,0,NA,1,3.3846,NA,"Eastern chipmunk (Tamius striatus)",-1.2477325251549,0
"325","DL00080_TryonLT35.csv",4,NA,13,0.5,NA,NA,NA,5,0.3846,0,0,1,0,0,NA,0.3846,1,NA,"Eastern chipmunk (Tamius striatus)",0.298878049213417,0.4
"326","DL00080_TryonLT36.csv",5,NA,13,0.5,NA,NA,NA,2,0.1538,0,0,1,0,0,NA,0.1538,1,NA,"Eastern chipmunk (Tamius striatus)",0.685530692805496,0.5
"327","DL00080_TryonLT37.csv",2,NA,14,0.5,NA,NA,NA,1,0.0714,0,0,1,0,0,NA,0.0714,1,NA,"Eastern chipmunk (Tamius striatus)",-0.47442723797074,0.2
"328","DL00080_TryonLT41.csv",0,NA,35,0.5,NA,NA,NA,35,1,0,0,1,0,0,NA,1,3.5286,NA,"Eastern chipmunk (Tamius striatus)",-1.2477325251549,0
"329","DL00080_TryonLT41.csv",6,NA,35,0.5,NA,NA,NA,6,0.1714,0,0,1,0,0,NA,0.1714,1,NA,"Eastern chipmunk (Tamius striatus)",1.07218333639757,0.6
"330","DL00080_TryonLT42.csv",2,NA,18,0.5,NA,NA,NA,2,0.1111,0,0,1,0,0,NA,0.1111,1.7502,NA,"Eastern chipmunk (Tamius striatus)",-0.47442723797074,0.2
"331","DL00080_TryonLT43.csv",2,NA,21,0.5,NA,NA,NA,6,0.2857,0,0,1,0,0,NA,0.2857,2.6668,NA,"Eastern chipmunk (Tamius striatus)",-0.47442723797074,0.2
"332","DL00080_TryonLT48.csv",5,NA,20,0.5,NA,NA,NA,1,0.05,0,0,1,0,0,NA,0.05,3,NA,"Eastern chipmunk (Tamius striatus)",0.685530692805496,0.5
"333","DL00080_TryonLT48.csv",6,NA,20,0.5,NA,NA,NA,1,0.05,0,0,1,0,0,NA,0.05,2,NA,"Eastern chipmunk (Tamius striatus)",1.07218333639757,0.6
"334","DL00080_TryonLT48.csv",7,NA,20,0.5,NA,NA,NA,1,0.05,0,0,1,0,0,NA,0.05,1,NA,"Eastern chipmunk (Tamius striatus)",1.45883597998965,0.7
"335","DL00080_TryonLT49.csv",6,NA,69,0.5,NA,NA,NA,1,0.0145,0,0,1,0,0,NA,0.0145,1,NA,"Eastern chipmunk (Tamius striatus)",1.07218333639757,0.6
"336","DL00080_TryonLT52.csv",1,NA,10,0.5,NA,NA,NA,3,0.3,0,0,1,0,0,NA,0.3,2.5,NA,"Eastern chipmunk (Tamius striatus)",-0.861079881562819,0.1
"337","DL00080_TryonLT52.csv",3,NA,10,0.5,NA,NA,NA,2,0.2,0,0,1,0,0,NA,0.2,1,NA,"Eastern chipmunk (Tamius striatus)",-0.0877745943786614,0.3
"338","DL00080_TryonLT56.csv",0,NA,2,0.5,NA,NA,NA,2,1,0,0,1,0,0,NA,1,3.25,NA,"Eastern chipmunk (Tamius striatus)",-1.2477325251549,0
"339","DL00080_TryonLT56.csv",2,NA,2,0.5,NA,NA,NA,1,0.5,0,0,1,0,0,NA,0.5,3,NA,"Eastern chipmunk (Tamius striatus)",-0.47442723797074,0.2
"340","DL00080_TryonLT56.csv",3,NA,2,0.5,NA,NA,NA,1,0.5,0,0,1,0,0,NA,0.5,2,NA,"Eastern chipmunk (Tamius striatus)",-0.0877745943786614,0.3
"341","DL00080_TryonLT56.csv",4,NA,2,0.5,NA,NA,NA,1,0.5,0,0,1,0,0,NA,0.5,1,NA,"Eastern chipmunk (Tamius striatus)",0.298878049213417,0.4
"342","DL00080_TryonLT57.csv",5,NA,23,0.5,NA,NA,NA,5,0.2174,0,0,1,0,0,NA,0.2174,1.8001,NA,"Eastern chipmunk (Tamius striatus)",0.685530692805496,0.5
"343","DL00080_TryonLT57.csv",7,NA,23,0.5,NA,NA,NA,1,0.0435,0,0,1,0,0,NA,0.0435,1,NA,"Eastern chipmunk (Tamius striatus)",1.45883597998965,0.7
"344","DL00080_TryonLT58.csv",6,NA,71,0.5,NA,NA,NA,6,0.0845,0,0,1,0,0,NA,0.0845,1,NA,"Eastern chipmunk (Tamius striatus)",1.07218333639757,0.6
"345","DL00080_TryonLT59.csv",4,NA,21,0.5,NA,NA,NA,3,0.1429,0,0,1,0,0,NA,0.1429,1.8331,NA,"Eastern chipmunk (Tamius striatus)",0.298878049213417,0.4
"346","DL00080_TryonLT61.csv",3,NA,7,0.5,NA,NA,NA,1,0.1429,0,0,1,0,0,NA,0.1429,1,NA,"Eastern chipmunk (Tamius striatus)",-0.0877745943786614,0.3
"347","DL00080_TryonLT34.csv",0,NA,32,0,NA,NA,NA,32,1,32,NA,NA,NA,NA,NA,NA,NA,NA,"Eastern chipmunk (Tamius striatus)",-1.2477325251549,0
"348","DL00080_TryonLT40.csv",0,NA,15,0,NA,NA,NA,15,1,15,NA,NA,NA,NA,NA,NA,NA,NA,"Eastern chipmunk (Tamius striatus)",-1.2477325251549,0
"349","Franz_1984.csv",2,NA,283,0.5,85,15,0.1765,283,1,46,0.1622,0.8378,0.1622,0.1769,NA,0.9189,3.1059,NA,"Boreal owl (Aegolius funereus)",-1.42886901662352,0.222222222222222
"350","Franz_1984.csv",3,NA,283,0.5,70,22,0.3143,237,0.8378,64,0.2275,0.7284,0.2716,0.3169,NA,0.7241,2.6104,NA,"Boreal owl (Aegolius funereus)",-1.02062072615966,0.333333333333333
"351","Franz_1984.csv",4,NA,283,0.5,48,13,0.2708,173,0.6103,41,0.1456,0.7615,0.2385,0.2725,NA,0.5375,2.3971,NA,"Boreal owl (Aegolius funereus)",-0.612372435695795,0.444444444444444
"352","Franz_1984.csv",5,NA,283,0.5,35,14,0.4,132,0.4647,44,0.1549,0.6667,0.3333,0.4055,NA,0.3873,1.9915,NA,"Boreal owl (Aegolius funereus)",-0.204124145231932,0.555555555555556
"353","Franz_1984.csv",6,NA,283,0.5,21,8,0.381,88,0.3098,28,0.0991,0.68,0.32,0.3857,NA,0.2603,1.7372,NA,"Boreal owl (Aegolius funereus)",0.204124145231932,0.666666666666667
"354","Franz_1984.csv",7,NA,283,0.5,13,7,0.5385,60,0.2107,25,0.0894,0.5758,0.4242,0.5521,NA,0.166,1.3192,NA,"Boreal owl (Aegolius funereus)",0.612372435695795,0.777777777777778
"355","Franz_1984.csv",8,NA,283,0.5,6,1,0.1667,34,0.1213,5,0.0187,0.8462,0.1538,0.1671,NA,0.112,0.9229,NA,"Boreal owl (Aegolius funereus)",1.02062072615966,0.888888888888889
"356","Franz_1984.csv",9,NA,283,0,5,0,0,29,0.1026,29,0.1026,1,0,0,NA,0,0,NA,"Boreal owl (Aegolius funereus)",1.42886901662352,1
"357","DL00288_Dyke_Macaca_mulatta_captiveLT01.csv",0,NA,490,0.5,1739.9,318,0.1828,490,1,82,0.1675,0.8325,0.1675,0.1833,NA,0.9163,14.9984,NA,"Rhesus macaque (Macaca mulatta)",-1.52208942948925,0
"358","DL00288_Dyke_Macaca_mulatta_captiveLT01.csv",1,NA,490,0.5,1224.5,33,0.0269,408,0.8325,11,0.0221,0.9734,0.0266,0.027,NA,0.8215,16.9155,NA,"Rhesus macaque (Macaca mulatta)",-1.40671644076997,0.0303030303030303
"359","DL00288_Dyke_Macaca_mulatta_captiveLT01.csv",2,NA,490,0.5,1037.2,24,0.0231,397,0.8104,9,0.0185,0.9771,0.0229,0.0231,NA,0.8012,16.3632,NA,"Rhesus macaque (Macaca mulatta)",-1.2913434520507,0.0606060606060606
"360","DL00288_Dyke_Macaca_mulatta_captiveLT01.csv",3,NA,490,0.5,878,9,0.0103,388,0.7919,4,0.0081,0.9898,0.0102,0.0103,NA,0.7879,15.7337,NA,"Rhesus macaque (Macaca mulatta)",-1.17597046333142,0.0909090909090909
"361","DL00288_Dyke_Macaca_mulatta_captiveLT01.csv",4,NA,490,0.5,717,9,0.0126,384,0.7838,5,0.0098,0.9875,0.0125,0.0126,NA,0.7789,14.8912,NA,"Rhesus macaque (Macaca mulatta)",-1.06059747461214,0.121212121212121
"362","DL00288_Dyke_Macaca_mulatta_captiveLT01.csv",5,NA,490,0.5,572,6,0.0105,379,0.774,4,0.0081,0.9896,0.0104,0.0105,NA,0.77,14.0734,NA,"Rhesus macaque (Macaca mulatta)",-0.945224485892867,0.151515151515152
"363","DL00288_Dyke_Macaca_mulatta_captiveLT01.csv",6,NA,490,0.5,445,6,0.0135,375,0.7659,5,0.0102,0.9866,0.0134,0.0135,NA,0.7608,13.2169,NA,"Rhesus macaque (Macaca mulatta)",-0.82985149717359,0.181818181818182
"364","DL00288_Dyke_Macaca_mulatta_captiveLT01.csv",7,NA,490,0.5,347,2,0.0058,370,0.7557,2,0.0044,0.9943,0.0057,0.0058,NA,0.7535,12.3886,NA,"Rhesus macaque (Macaca mulatta)",-0.714478508454314,0.212121212121212
"365","DL00288_Dyke_Macaca_mulatta_captiveLT01.csv",8,NA,490,0.5,271,9,0.0332,368,0.7513,12,0.0245,0.9673,0.0327,0.0332,NA,0.7391,11.4582,NA,"Rhesus macaque (Macaca mulatta)",-0.599105519735038,0.242424242424242
"366","DL00288_Dyke_Macaca_mulatta_captiveLT01.csv",9,NA,490,0.5,207,7,0.0338,356,0.7268,12,0.0242,0.9667,0.0333,0.0338,NA,0.7147,10.8276,NA,"Rhesus macaque (Macaca mulatta)",-0.483732531015761,0.272727272727273
"367","DL00288_Dyke_Macaca_mulatta_captiveLT01.csv",10,NA,490,0.5,167,5,0.0299,344,0.7026,10,0.0207,0.9705,0.0295,0.0299,NA,0.6923,10.1833,NA,"Rhesus macaque (Macaca mulatta)",-0.368359542296485,0.303030303030303
"368","DL00288_Dyke_Macaca_mulatta_captiveLT01.csv",11,NA,490,0.5,139,7,0.0504,334,0.6819,16,0.0335,0.9509,0.0491,0.0504,NA,0.6652,9.4773,NA,"Rhesus macaque (Macaca mulatta)",-0.252986553577209,0.333333333333333
"369","DL00288_Dyke_Macaca_mulatta_captiveLT01.csv",12,NA,490,0.5,115,0,0,318,0.6484,0,0,1,0,0,NA,0.6484,8.9411,NA,"Rhesus macaque (Macaca mulatta)",-0.137613564857932,0.363636363636364
"370","DL00288_Dyke_Macaca_mulatta_captiveLT01.csv",13,NA,490,0.5,93,9,0.0968,318,0.6484,29,0.0599,0.9077,0.0923,0.0968,NA,0.6185,7.9411,NA,"Rhesus macaque (Macaca mulatta)",-0.0222405761386558,0.393939393939394
"371","DL00288_Dyke_Macaca_mulatta_captiveLT01.csv",14,NA,490,0.5,79,8,0.1013,288,0.5885,28,0.0567,0.9036,0.0964,0.1014,NA,0.5602,7.6985,NA,"Rhesus macaque (Macaca mulatta)",0.0931324125806206,0.424242424242424
"372","DL00288_Dyke_Macaca_mulatta_captiveLT01.csv",15,NA,490,0.5,68,9,0.1324,261,0.5318,32,0.066,0.8759,0.1241,0.1325,NA,0.4988,7.466,NA,"Rhesus macaque (Macaca mulatta)",0.208505401299897,0.454545454545455
"373","DL00288_Dyke_Macaca_mulatta_captiveLT01.csv",16,NA,490,0.5,54,9,0.1667,228,0.4658,35,0.0717,0.8462,0.1538,0.1671,NA,0.43,7.453,NA,"Rhesus macaque (Macaca mulatta)",0.323878390019173,0.484848484848485
"374","DL00288_Dyke_Macaca_mulatta_captiveLT01.csv",17,NA,490,0.5,50,6,0.12,193,0.3941,22,0.0446,0.8868,0.1132,0.1201,NA,0.3718,7.718,NA,"Rhesus macaque (Macaca mulatta)",0.43925137873845,0.515151515151515
"375","DL00288_Dyke_Macaca_mulatta_captiveLT01.csv",18,NA,490,0.5,48,3,0.0625,171,0.3495,10,0.0212,0.9394,0.0606,0.0625,NA,0.3389,7.6391,NA,"Rhesus macaque (Macaca mulatta)",0.554624367457726,0.545454545454545
"376","DL00288_Dyke_Macaca_mulatta_captiveLT01.csv",19,NA,490,0.5,42,9,0.2143,161,0.3283,31,0.0635,0.8065,0.1935,0.2151,NA,0.2966,7.1001,NA,"Rhesus macaque (Macaca mulatta)",0.669997356177002,0.575757575757576
"377","DL00288_Dyke_Macaca_mulatta_captiveLT01.csv",20,NA,490,0.5,32,4,0.125,130,0.2648,15,0.0312,0.8824,0.1176,0.1252,NA,0.2492,7.6828,NA,"Rhesus macaque (Macaca mulatta)",0.785370344896279,0.606060606060606
"378","DL00288_Dyke_Macaca_mulatta_captiveLT01.csv",21,NA,490,0.5,27,0,0,114,0.2336,0,0,1,0,0,NA,0.2336,7.6421,NA,"Rhesus macaque (Macaca mulatta)",0.900743333615555,0.636363636363636
"379","DL00288_Dyke_Macaca_mulatta_captiveLT01.csv",22,NA,490,0.5,22,4,0.1818,114,0.2336,19,0.0389,0.8333,0.1667,0.1823,NA,0.2142,6.6421,NA,"Rhesus macaque (Macaca mulatta)",1.01611632233483,0.666666666666667
"380","DL00288_Dyke_Macaca_mulatta_captiveLT01.csv",23,NA,490,0.5,16,2,0.125,95,0.1947,11,0.0229,0.8824,0.1176,0.1252,NA,0.1833,6.8693,NA,"Rhesus macaque (Macaca mulatta)",1.13148931105411,0.696969696969697
"381","DL00288_Dyke_Macaca_mulatta_captiveLT01.csv",24,NA,490,0.5,15,0,0,84,0.1718,0,0,1,0,0,NA,0.1718,6.7183,NA,"Rhesus macaque (Macaca mulatta)",1.24686229977338,0.727272727272727
"382","DL00288_Dyke_Macaca_mulatta_captiveLT01.csv",25,NA,490,0.5,11,0,0,84,0.1718,0,0,1,0,0,NA,0.1718,5.7183,NA,"Rhesus macaque (Macaca mulatta)",1.36223528849266,0.757575757575758
"383","DL00288_Dyke_Macaca_mulatta_captiveLT01.csv",26,NA,490,0.5,8,0,0,84,0.1718,0,0,1,0,0,NA,0.1718,4.7183,NA,"Rhesus macaque (Macaca mulatta)",1.47760827721194,0.787878787878788
"384","DL00288_Dyke_Macaca_mulatta_captiveLT01.csv",27,NA,490,0.5,8,0,0,84,0.1718,0,0,1,0,0,NA,0.1718,3.7183,NA,"Rhesus macaque (Macaca mulatta)",1.59298126593121,0.818181818181818
"385","DL00288_Dyke_Macaca_mulatta_captiveLT01.csv",28,NA,490,0.5,8,0,0,84,0.1718,0,0,1,0,0,NA,0.1718,2.7183,NA,"Rhesus macaque (Macaca mulatta)",1.70835425465049,0.848484848484849
"386","DL00288_Dyke_Macaca_mulatta_captiveLT01.csv",29,NA,490,0.5,7,2,0.2857,84,0.1718,21,0.043,0.75,0.25,0.2877,NA,0.1503,1.7183,NA,"Rhesus macaque (Macaca mulatta)",1.82372724336977,0.878787878787879
"387","DL00288_Dyke_Macaca_mulatta_captiveLT01.csv",30,NA,490,0.5,5,6,1.2,63,0.1288,47,0.0966,0.25,0.75,1.3863,NA,0.0805,1.125,NA,"Rhesus macaque (Macaca mulatta)",1.93910023208904,0.909090909090909
"388","DL00288_Dyke_Macaca_mulatta_captiveLT01.csv",31,NA,490,0.5,3,0,0,16,0.0322,0,0,1,0,0,NA,0.0322,2,NA,"Rhesus macaque (Macaca mulatta)",2.05447322080832,0.939393939393939
"389","DL00288_Dyke_Macaca_mulatta_captiveLT01.csv",32,NA,490,0.5,2,0,0,16,0.0322,0,0,1,0,0,NA,0.0322,1,NA,"Rhesus macaque (Macaca mulatta)",2.16984620952759,0.96969696969697
"390","DL00288_Dyke_Macaca_mulatta_captiveLT01.csv",33,NA,490,0,1,2,2,16,0.0322,16,0.0322,1,0,0,NA,0,0,NA,"Rhesus macaque (Macaca mulatta)",2.28521919824687,1
"391","DL00288_Dyke_Macaca_mulatta_captiveLT02.csv",0,NA,596,0.5,1957.9,265,0.1353,596,1,76,0.1268,0.8732,0.1268,0.1356,NA,0.9366,19.1626,NA,"Rhesus macaque (Macaca mulatta)",-1.52208942948925,0
"392","DL00288_Dyke_Macaca_mulatta_captiveLT02.csv",1,NA,596,0.5,1554,48,0.0309,520,0.8732,16,0.0265,0.9696,0.0304,0.0309,NA,0.86,20.8727,NA,"Rhesus macaque (Macaca mulatta)",-1.40671644076997,0.0303030303030303
"393","DL00288_Dyke_Macaca_mulatta_captiveLT02.csv",2,NA,596,0.5,1423.4,18,0.0126,505,0.8467,6,0.0107,0.9874,0.0126,0.0126,NA,0.8414,20.5103,NA,"Rhesus macaque (Macaca mulatta)",-1.2913434520507,0.0606060606060606
"394","DL00288_Dyke_Macaca_mulatta_captiveLT02.csv",3,NA,596,0.5,1237.8,15,0.0121,498,0.836,6,0.01,0.988,0.012,0.0121,NA,0.831,19.7664,NA,"Rhesus macaque (Macaca mulatta)",-1.17597046333142,0.0909090909090909
"395","DL00288_Dyke_Macaca_mulatta_captiveLT02.csv",4,NA,596,0.5,1091.2,20,0.0183,492,0.826,9,0.015,0.9818,0.0182,0.0183,NA,0.8185,18.9996,NA,"Rhesus macaque (Macaca mulatta)",-1.06059747461214,0.121212121212121
"396","DL00288_Dyke_Macaca_mulatta_captiveLT02.csv",5,NA,596,0.5,1022.9,11,0.0108,483,0.811,5,0.0087,0.9893,0.0107,0.0108,NA,0.8067,18.3418,NA,"Rhesus macaque (Macaca mulatta)",-0.945224485892867,0.151515151515152
"397","DL00288_Dyke_Macaca_mulatta_captiveLT02.csv",6,NA,596,0.5,958,6,0.0063,478,0.8023,3,0.005,0.9938,0.0062,0.0063,NA,0.7998,17.5353,NA,"Rhesus macaque (Macaca mulatta)",-0.82985149717359,0.181818181818182
"398","DL00288_Dyke_Macaca_mulatta_captiveLT02.csv",7,NA,596,0.5,864,8,0.0093,475,0.7973,4,0.0074,0.9908,0.0092,0.0093,NA,0.7936,16.6421,NA,"Rhesus macaque (Macaca mulatta)",-0.714478508454314,0.212121212121212
"399","DL00288_Dyke_Macaca_mulatta_captiveLT02.csv",8,NA,596,0.5,763,0,0,471,0.7899,0,0,1,0,0,NA,0.7899,15.7933,NA,"Rhesus macaque (Macaca mulatta)",-0.599105519735038,0.242424242424242
"400","DL00288_Dyke_Macaca_mulatta_captiveLT02.csv",9,NA,596,0.5,657,8,0.0122,471,0.7899,6,0.0095,0.9879,0.0121,0.0122,NA,0.7852,14.7933,NA,"Rhesus macaque (Macaca mulatta)",-0.483732531015761,0.272727272727273
"401","DL00288_Dyke_Macaca_mulatta_captiveLT02.csv",10,NA,596,0.5,573,2,0.0035,465,0.7804,2,0.0028,0.9965,0.0035,0.0035,NA,0.779,13.9673,NA,"Rhesus macaque (Macaca mulatta)",-0.368359542296485,0.303030303030303
"402","DL00288_Dyke_Macaca_mulatta_captiveLT02.csv",11,NA,596,0.5,483,6,0.0124,463,0.7776,6,0.0096,0.9877,0.0123,0.0124,NA,0.7728,13.0158,NA,"Rhesus macaque (Macaca mulatta)",-0.252986553577209,0.333333333333333
"403","DL00288_Dyke_Macaca_mulatta_captiveLT02.csv",12,NA,596,0.5,419,2,0.0048,458,0.768,2,0.0036,0.9952,0.0048,0.0048,NA,0.7662,12.1723,NA,"Rhesus macaque (Macaca mulatta)",-0.137613564857932,0.363636363636364
"404","DL00288_Dyke_Macaca_mulatta_captiveLT02.csv",13,NA,596,0.5,368,9,0.0245,456,0.7644,11,0.0185,0.9758,0.0242,0.0245,NA,0.7552,11.2272,NA,"Rhesus macaque (Macaca mulatta)",-0.0222405761386558,0.393939393939394
"405","DL00288_Dyke_Macaca_mulatta_captiveLT02.csv",14,NA,596,0.5,322,8,0.0248,445,0.7459,11,0.0183,0.9755,0.0245,0.0248,NA,0.7368,10.4933,NA,"Rhesus macaque (Macaca mulatta)",0.0931324125806206,0.424242424242424
"406","DL00288_Dyke_Macaca_mulatta_captiveLT02.csv",15,NA,596,0.5,274,6,0.0219,434,0.7276,9,0.0157,0.9783,0.0217,0.0219,NA,0.7198,9.7446,NA,"Rhesus macaque (Macaca mulatta)",0.208505401299897,0.454545454545455
"407","DL00288_Dyke_Macaca_mulatta_captiveLT02.csv",16,NA,596,0.5,235,7,0.0298,424,0.7119,12,0.0209,0.9706,0.0294,0.0298,NA,0.7015,8.9485,NA,"Rhesus macaque (Macaca mulatta)",0.323878390019173,0.484848484848485
"408","DL00288_Dyke_Macaca_mulatta_captiveLT02.csv",17,NA,596,0.5,195,1,0.0051,412,0.691,2,0.0036,0.9949,0.0051,0.0051,NA,0.6892,8.2041,NA,"Rhesus macaque (Macaca mulatta)",0.43925137873845,0.515151515151515
"409","DL00288_Dyke_Macaca_mulatta_captiveLT02.csv",18,NA,596,0.5,152,0,0,410,0.6874,0,0,1,0,0,NA,0.6874,7.2444,NA,"Rhesus macaque (Macaca mulatta)",0.554624367457726,0.545454545454545
"410","DL00288_Dyke_Macaca_mulatta_captiveLT02.csv",19,NA,596,0.5,121,0,0,410,0.6874,0,0,1,0,0,NA,0.6874,6.2444,NA,"Rhesus macaque (Macaca mulatta)",0.669997356177002,0.575757575757576
"411","DL00288_Dyke_Macaca_mulatta_captiveLT02.csv",20,NA,596,0.5,97,9,0.0928,410,0.6874,36,0.0609,0.9113,0.0887,0.0929,NA,0.657,5.2444,NA,"Rhesus macaque (Macaca mulatta)",0.785370344896279,0.606060606060606
"412","DL00288_Dyke_Macaca_mulatta_captiveLT02.csv",21,NA,596,0.5,83,3,0.0361,373,0.6265,13,0.0223,0.9645,0.0355,0.0361,NA,0.6154,4.7056,NA,"Rhesus macaque (Macaca mulatta)",0.900743333615555,0.636363636363636
"413","DL00288_Dyke_Macaca_mulatta_captiveLT02.csv",22,NA,596,0.5,59,7,0.1186,360,0.6042,40,0.0676,0.888,0.112,0.1188,NA,0.5704,3.8608,NA,"Rhesus macaque (Macaca mulatta)",1.01611632233483,0.666666666666667
"414","DL00288_Dyke_Macaca_mulatta_captiveLT02.csv",23,NA,596,0.5,46,8,0.1739,320,0.5366,51,0.0859,0.84,0.16,0.1744,NA,0.4937,3.2842,NA,"Rhesus macaque (Macaca mulatta)",1.13148931105411,0.696969696969697
"415","DL00288_Dyke_Macaca_mulatta_captiveLT02.csv",24,NA,596,0.5,36,3,0.0833,269,0.4507,21,0.036,0.92,0.08,0.0834,NA,0.4327,2.8148,NA,"Rhesus macaque (Macaca mulatta)",1.24686229977338,0.727272727272727
"416","DL00288_Dyke_Macaca_mulatta_captiveLT02.csv",25,NA,596,0.5,20,9,0.45,247,0.4147,91,0.1524,0.6327,0.3673,0.4578,NA,0.3385,2.0158,NA,"Rhesus macaque (Macaca mulatta)",1.36223528849266,0.757575757575758
"417","DL00288_Dyke_Macaca_mulatta_captiveLT02.csv",26,NA,596,0.5,10,9,0.9,156,0.2623,97,0.1628,0.3793,0.6207,0.9694,NA,0.1809,1.8965,NA,"Rhesus macaque (Macaca mulatta)",1.47760827721194,0.787878787878788
"418","DL00288_Dyke_Macaca_mulatta_captiveLT02.csv",27,NA,596,0.5,9,2,0.2222,59,0.0995,12,0.0199,0.8,0.2,0.2231,NA,0.0896,3.1814,NA,"Rhesus macaque (Macaca mulatta)",1.59298126593121,0.818181818181818
"419","DL00288_Dyke_Macaca_mulatta_captiveLT02.csv",28,NA,596,0.5,8,1,0.125,47,0.0796,6,0.0094,0.8824,0.1176,0.1252,NA,0.0749,2.8518,NA,"Rhesus macaque (Macaca mulatta)",1.70835425465049,0.848484848484849
"420","DL00288_Dyke_Macaca_mulatta_captiveLT02.csv",29,NA,596,0.5,5,2,0.4,42,0.0702,14,0.0234,0.6667,0.3333,0.4055,NA,0.0585,2.1667,NA,"Rhesus macaque (Macaca mulatta)",1.82372724336977,0.878787878787879
"421","DL00288_Dyke_Macaca_mulatta_captiveLT02.csv",30,NA,596,0.5,4,0,0,28,0.0468,0,0,1,0,0,NA,0.0468,2,NA,"Rhesus macaque (Macaca mulatta)",1.93910023208904,0.909090909090909
"422","DL00288_Dyke_Macaca_mulatta_captiveLT02.csv",31,NA,596,0.5,3,3,1,28,0.0468,19,0.0312,0.3333,0.6667,1.0986,NA,0.0312,1,NA,"Rhesus macaque (Macaca mulatta)",2.05447322080832,0.939393939393939
"423","DL00288_Dyke_Macaca_mulatta_captiveLT02.csv",32,NA,596,0.5,3,0,0,9,0.0156,0,0,1,0,0,NA,0.0156,1,NA,"Rhesus macaque (Macaca mulatta)",2.16984620952759,0.96969696969697
"424","DL00288_Dyke_Macaca_mulatta_captiveLT02.csv",33,NA,596,0,1,4,4,9,0.0156,9,0.0156,1,0,0,NA,0,0,NA,"Rhesus macaque (Macaca mulatta)",2.28521919824687,1
"425","Smith_1982_CPRC_mortality.csv",0,NA,450,0.5,127.62,24,0.1881,450,1,77,0.1719,0.8281,0.1719,0.1886,NA,0.9141,8.5704,NA,"Rhesus macaque (Macaca mulatta)",-1.52208942948925,0
"426","Smith_1982_CPRC_mortality.csv",1,NA,450,0.5,69.19,3,0.0434,373,0.8281,16,0.0351,0.9576,0.0424,0.0434,NA,0.8106,9.2457,NA,"Rhesus macaque (Macaca mulatta)",-1.40671644076997,0.0303030303030303
"427","Smith_1982_CPRC_mortality.csv",2,NA,450,0.5,30.59,1,0.0327,357,0.793,11,0.0255,0.9678,0.0322,0.0327,NA,0.7803,8.6328,NA,"Rhesus macaque (Macaca mulatta)",-1.2913434520507,0.0606060606060606
"428","Smith_1982_CPRC_mortality.csv",3,NA,450,0.5,38.88,2,0.0514,345,0.7675,17,0.0385,0.9498,0.0502,0.0515,NA,0.7483,7.903,NA,"Rhesus macaque (Macaca mulatta)",-1.17597046333142,0.0909090909090909
"429","Smith_1982_CPRC_mortality.csv",4,NA,450,0.5,60.38,4,0.0662,328,0.729,21,0.0468,0.9359,0.0641,0.0663,NA,0.7056,7.294,NA,"Rhesus macaque (Macaca mulatta)",-1.06059747461214,0.121212121212121
"430","Smith_1982_CPRC_mortality.csv",5,NA,450,0.5,75.33,6,0.0796,307,0.6822,24,0.0522,0.9234,0.0766,0.0797,NA,0.6561,6.76,NA,"Rhesus macaque (Macaca mulatta)",-0.945224485892867,0.151515151515152
"431","Smith_1982_CPRC_mortality.csv",6,NA,450,0.5,82.59,1,0.0121,283,0.63,3,0.0076,0.988,0.012,0.0121,NA,0.6262,6.2787,NA,"Rhesus macaque (Macaca mulatta)",-0.82985149717359,0.181818181818182
"432","Smith_1982_CPRC_mortality.csv",7,NA,450,0.5,60.4,4,0.0662,280,0.6224,18,0.0399,0.9359,0.0641,0.0662,NA,0.6025,5.3493,NA,"Rhesus macaque (Macaca mulatta)",-0.714478508454314,0.212121212121212
"433","Smith_1982_CPRC_mortality.csv",8,NA,450,0.5,58.34,7,0.12,262,0.5825,30,0.0659,0.8868,0.1132,0.1201,NA,0.5496,4.6815,NA,"Rhesus macaque (Macaca mulatta)",-0.599105519735038,0.242424242424242
"434","Smith_1982_CPRC_mortality.csv",9,NA,450,0.5,27.85,2,0.0718,232,0.5166,16,0.0359,0.9307,0.0693,0.0718,NA,0.4987,4.2149,NA,"Rhesus macaque (Macaca mulatta)",-0.483732531015761,0.272727272727273
"435","Smith_1982_CPRC_mortality.csv",10,NA,450,0.5,25.33,0,0,216,0.4807,0,0,1,0,0,NA,0.4807,3.4923,NA,"Rhesus macaque (Macaca mulatta)",-0.368359542296485,0.303030303030303
"436","Smith_1982_CPRC_mortality.csv",11,NA,450,0.5,16.83,3,0.1783,216,0.4807,35,0.0786,0.8363,0.1637,0.1787,NA,0.4414,2.4923,NA,"Rhesus macaque (Macaca mulatta)",-0.252986553577209,0.333333333333333
"437","Smith_1982_CPRC_mortality.csv",12,NA,450,0.5,12.21,1,0.0819,181,0.4021,14,0.0317,0.9213,0.0787,0.0819,NA,0.3863,1.8817,NA,"Rhesus macaque (Macaca mulatta)",-0.137613564857932,0.363636363636364
"438","Smith_1982_CPRC_mortality.csv",13,NA,450,0.5,3.5,0,0,167,0.3704,0,0,1,0,0,NA,0.3704,1,NA,"Rhesus macaque (Macaca mulatta)",-0.0222405761386558,0.393939393939394
"439","Smith_1982_CPRC_mortality.csv",14,NA,450,0,2.25,0,0,167,0.3704,167,0.3704,1,0,0,NA,0,0,NA,"Rhesus macaque (Macaca mulatta)",0.0931324125806206,0.424242424242424
"440","DL00027_JiangLT01.csv",1,NA,930,0.5,NA,NA,NA,NA,NA,NA,NA,NA,NA,NA,17,NA,5.4706,NA,"Rhesus macaque (Macaca mulatta)",-1.40671644076997,0.0303030303030303
"441","DL00027_JiangLT01.csv",2,NA,930,0.5,NA,NA,NA,NA,NA,NA,NA,NA,NA,NA,12,NA,6.3333,NA,"Rhesus macaque (Macaca mulatta)",-1.2913434520507,0.0606060606060606
"442","DL00027_JiangLT01.csv",3,NA,930,0.5,NA,NA,NA,NA,NA,NA,NA,NA,NA,NA,14,NA,4.5714,NA,"Rhesus macaque (Macaca mulatta)",-1.17597046333142,0.0909090909090909
"443","DL00027_JiangLT01.csv",4,NA,930,0.5,NA,NA,NA,NA,NA,NA,NA,NA,NA,NA,7,NA,7.1429,NA,"Rhesus macaque (Macaca mulatta)",-1.06059747461214,0.121212121212121
"444","DL00027_JiangLT01.csv",5,NA,930,0.5,NA,NA,NA,NA,NA,NA,NA,NA,NA,NA,10,NA,4.3,NA,"Rhesus macaque (Macaca mulatta)",-0.945224485892867,0.151515151515152
"445","DL00027_JiangLT01.csv",6,NA,930,0.5,NA,NA,NA,NA,NA,NA,NA,NA,NA,NA,8,NA,4.125,NA,"Rhesus macaque (Macaca mulatta)",-0.82985149717359,0.181818181818182
"446","DL00027_JiangLT01.csv",7,NA,930,0.5,NA,NA,NA,NA,NA,NA,NA,NA,NA,NA,6,NA,4.1667,NA,"Rhesus macaque (Macaca mulatta)",-0.714478508454314,0.212121212121212
"447","DL00027_JiangLT01.csv",8,NA,930,0.5,NA,NA,NA,NA,NA,NA,NA,NA,NA,NA,5,NA,3.8,NA,"Rhesus macaque (Macaca mulatta)",-0.599105519735038,0.242424242424242
"448","DL00027_JiangLT01.csv",9,NA,930,0.5,NA,NA,NA,NA,NA,NA,NA,NA,NA,NA,8,NA,1.75,NA,"Rhesus macaque (Macaca mulatta)",-0.483732531015761,0.272727272727273
"449","DL00027_JiangLT01.csv",10,NA,930,0.5,NA,NA,NA,NA,NA,NA,NA,NA,NA,NA,4,NA,1.5,NA,"Rhesus macaque (Macaca mulatta)",-0.368359542296485,0.303030303030303
"450","DL00027_JiangLT01.csv",11,NA,930,0.5,NA,NA,NA,NA,NA,NA,NA,NA,NA,NA,1,NA,2,NA,"Rhesus macaque (Macaca mulatta)",-0.252986553577209,0.333333333333333
"451","DL00027_JiangLT01.csv",12,NA,930,0,NA,NA,NA,NA,NA,NA,NA,NA,NA,NA,1,NA,1,NA,"Rhesus macaque (Macaca mulatta)",-0.137613564857932,0.363636363636364
"452","DL00055_SadeLT01.csv",1,NA,164,0.5,NA,NA,NA,NA,NA,NA,NA,NA,NA,NA,23,NA,7.1304,NA,"Rhesus macaque (Macaca mulatta)",-1.40671644076997,0.0303030303030303
"453","DL00055_SadeLT01.csv",2,NA,164,0.5,NA,NA,NA,NA,NA,NA,NA,NA,NA,NA,18,NA,7.8333,NA,"Rhesus macaque (Macaca mulatta)",-1.2913434520507,0.0606060606060606
"454","DL00055_SadeLT01.csv",3,NA,164,0.5,NA,NA,NA,NA,NA,NA,NA,NA,NA,NA,23,NA,5.3478,NA,"Rhesus macaque (Macaca mulatta)",-1.17597046333142,0.0909090909090909
"455","DL00055_SadeLT01.csv",4,NA,164,0.5,NA,NA,NA,NA,NA,NA,NA,NA,NA,NA,24,NA,4.1667,NA,"Rhesus macaque (Macaca mulatta)",-1.06059747461214,0.121212121212121
"456","DL00055_SadeLT01.csv",5,NA,164,0.5,NA,NA,NA,NA,NA,NA,NA,NA,NA,NA,15,NA,5.0667,NA,"Rhesus macaque (Macaca mulatta)",-0.945224485892867,0.151515151515152
"457","DL00055_SadeLT01.csv",6,NA,164,0.5,NA,NA,NA,NA,NA,NA,NA,NA,NA,NA,12,NA,5.0833,NA,"Rhesus macaque (Macaca mulatta)",-0.82985149717359,0.181818181818182
"458","DL00055_SadeLT01.csv",7,NA,164,0.5,NA,NA,NA,NA,NA,NA,NA,NA,NA,NA,8,NA,6.125,NA,"Rhesus macaque (Macaca mulatta)",-0.714478508454314,0.212121212121212
"459","DL00055_SadeLT01.csv",8,NA,164,0.5,NA,NA,NA,NA,NA,NA,NA,NA,NA,NA,5,NA,8.2,NA,"Rhesus macaque (Macaca mulatta)",-0.599105519735038,0.242424242424242
"460","DL00055_SadeLT01.csv",9,NA,164,0.5,NA,NA,NA,NA,NA,NA,NA,NA,NA,NA,5,NA,7.2,NA,"Rhesus macaque (Macaca mulatta)",-0.483732531015761,0.272727272727273
"461","DL00055_SadeLT01.csv",10,NA,164,0.5,NA,NA,NA,NA,NA,NA,NA,NA,NA,NA,6,NA,5.1667,NA,"Rhesus macaque (Macaca mulatta)",-0.368359542296485,0.303030303030303
"462","DL00055_SadeLT01.csv",11,NA,164,0.5,NA,NA,NA,NA,NA,NA,NA,NA,NA,NA,7,NA,3.5714,NA,"Rhesus macaque (Macaca mulatta)",-0.252986553577209,0.333333333333333
"463","DL00055_SadeLT01.csv",12,NA,164,0.5,NA,NA,NA,NA,NA,NA,NA,NA,NA,NA,4,NA,4.5,NA,"Rhesus macaque (Macaca mulatta)",-0.137613564857932,0.363636363636364
"464","DL00055_SadeLT01.csv",13,NA,164,0.5,NA,NA,NA,NA,NA,NA,NA,NA,NA,NA,3,NA,4.6667,NA,"Rhesus macaque (Macaca mulatta)",-0.0222405761386558,0.393939393939394
"465","DL00055_SadeLT01.csv",14,NA,164,0.5,NA,NA,NA,NA,NA,NA,NA,NA,NA,NA,2,NA,5.5,NA,"Rhesus macaque (Macaca mulatta)",0.0931324125806206,0.424242424242424
"466","DL00055_SadeLT01.csv",15,NA,164,0.5,NA,NA,NA,NA,NA,NA,NA,NA,NA,NA,2,NA,4.5,NA,"Rhesus macaque (Macaca mulatta)",0.208505401299897,0.454545454545455
"467","DL00055_SadeLT01.csv",16,NA,164,0.5,NA,NA,NA,NA,NA,NA,NA,NA,NA,NA,2,NA,3.5,NA,"Rhesus macaque (Macaca mulatta)",0.323878390019173,0.484848484848485
"468","DL00055_SadeLT01.csv",17,NA,164,0.5,NA,NA,NA,NA,NA,NA,NA,NA,NA,NA,0,NA,NA,NA,"Rhesus macaque (Macaca mulatta)",0.43925137873845,0.515151515151515
"469","DL00055_SadeLT01.csv",18,NA,164,0.5,NA,NA,NA,NA,NA,NA,NA,NA,NA,NA,2,NA,2.5,NA,"Rhesus macaque (Macaca mulatta)",0.554624367457726,0.545454545454545
"470","DL00055_SadeLT01.csv",19,NA,164,0.5,NA,NA,NA,NA,NA,NA,NA,NA,NA,NA,1,NA,3,NA,"Rhesus macaque (Macaca mulatta)",0.669997356177002,0.575757575757576
"471","DL00055_SadeLT01.csv",20,NA,164,0.5,NA,NA,NA,NA,NA,NA,NA,NA,NA,NA,0,NA,NA,NA,"Rhesus macaque (Macaca mulatta)",0.785370344896279,0.606060606060606
"472","DL00055_SadeLT01.csv",21,NA,164,0,NA,NA,NA,NA,NA,NA,NA,NA,NA,NA,2,NA,1,NA,"Rhesus macaque (Macaca mulatta)",0.900743333615555,0.636363636363636
"473","Rawlins_Kessler_1986_females.csv",1,NA,571,0.5,NA,NA,NA,NA,NA,NA,NA,NA,NA,NA,91,NA,6.2747,NA,"Rhesus macaque (Macaca mulatta)",-1.40671644076997,0.0303030303030303
"474","Rawlins_Kessler_1986_females.csv",2,NA,571,0.5,NA,NA,NA,NA,NA,NA,NA,NA,NA,NA,96,NA,5,NA,"Rhesus macaque (Macaca mulatta)",-1.2913434520507,0.0606060606060606
"475","Rawlins_Kessler_1986_females.csv",3,NA,571,0.5,NA,NA,NA,NA,NA,NA,NA,NA,NA,NA,55,NA,6.9818,NA,"Rhesus macaque (Macaca mulatta)",-1.17597046333142,0.0909090909090909
"476","Rawlins_Kessler_1986_females.csv",4,NA,571,0.5,NA,NA,NA,NA,NA,NA,NA,NA,NA,NA,73,NA,4.5068,NA,"Rhesus macaque (Macaca mulatta)",-1.06059747461214,0.121212121212121
"477","Rawlins_Kessler_1986_females.csv",5,NA,571,0.5,NA,NA,NA,NA,NA,NA,NA,NA,NA,NA,42,NA,6.0952,NA,"Rhesus macaque (Macaca mulatta)",-0.945224485892867,0.151515151515152
"478","Rawlins_Kessler_1986_females.csv",6,NA,571,0.5,NA,NA,NA,NA,NA,NA,NA,NA,NA,NA,36,NA,5.9444,NA,"Rhesus macaque (Macaca mulatta)",-0.82985149717359,0.181818181818182
"479","Rawlins_Kessler_1986_females.csv",7,NA,571,0.5,NA,NA,NA,NA,NA,NA,NA,NA,NA,NA,28,NA,6.3571,NA,"Rhesus macaque (Macaca mulatta)",-0.714478508454314,0.212121212121212
"480","Rawlins_Kessler_1986_females.csv",8,NA,571,0.5,NA,NA,NA,NA,NA,NA,NA,NA,NA,NA,26,NA,5.7692,NA,"Rhesus macaque (Macaca mulatta)",-0.599105519735038,0.242424242424242
"481","Rawlins_Kessler_1986_females.csv",9,NA,571,0.5,NA,NA,NA,NA,NA,NA,NA,NA,NA,NA,28,NA,4.4286,NA,"Rhesus macaque (Macaca mulatta)",-0.483732531015761,0.272727272727273
"482","Rawlins_Kessler_1986_females.csv",10,NA,571,0.5,NA,NA,NA,NA,NA,NA,NA,NA,NA,NA,17,NA,5.6471,NA,"Rhesus macaque (Macaca mulatta)",-0.368359542296485,0.303030303030303
"483","Rawlins_Kessler_1986_females.csv",11,NA,571,0.5,NA,NA,NA,NA,NA,NA,NA,NA,NA,NA,13,NA,6.0769,NA,"Rhesus macaque (Macaca mulatta)",-0.252986553577209,0.333333333333333
"484","Rawlins_Kessler_1986_females.csv",12,NA,571,0.5,NA,NA,NA,NA,NA,NA,NA,NA,NA,NA,15,NA,4.4,NA,"Rhesus macaque (Macaca mulatta)",-0.137613564857932,0.363636363636364
"485","Rawlins_Kessler_1986_females.csv",13,NA,571,0.5,NA,NA,NA,NA,NA,NA,NA,NA,NA,NA,16,NA,3.1875,NA,"Rhesus macaque (Macaca mulatta)",-0.0222405761386558,0.393939393939394
"486","Rawlins_Kessler_1986_females.csv",14,NA,571,0.5,NA,NA,NA,NA,NA,NA,NA,NA,NA,NA,4,NA,8.75,NA,"Rhesus macaque (Macaca mulatta)",0.0931324125806206,0.424242424242424
"487","Rawlins_Kessler_1986_females.csv",15,NA,571,0.5,NA,NA,NA,NA,NA,NA,NA,NA,NA,NA,10,NA,3.1,NA,"Rhesus macaque (Macaca mulatta)",0.208505401299897,0.454545454545455
"488","Rawlins_Kessler_1986_females.csv",16,NA,571,0.5,NA,NA,NA,NA,NA,NA,NA,NA,NA,NA,4,NA,5.25,NA,"Rhesus macaque (Macaca mulatta)",0.323878390019173,0.484848484848485
"489","Rawlins_Kessler_1986_females.csv",17,NA,571,0.5,NA,NA,NA,NA,NA,NA,NA,NA,NA,NA,2,NA,8.5,NA,"Rhesus macaque (Macaca mulatta)",0.43925137873845,0.515151515151515
"490","Rawlins_Kessler_1986_females.csv",18,NA,571,0.5,NA,NA,NA,NA,NA,NA,NA,NA,NA,NA,4,NA,3.75,NA,"Rhesus macaque (Macaca mulatta)",0.554624367457726,0.545454545454545
"491","Rawlins_Kessler_1986_females.csv",19,NA,571,0.5,NA,NA,NA,NA,NA,NA,NA,NA,NA,NA,2,NA,5.5,NA,"Rhesus macaque (Macaca mulatta)",0.669997356177002,0.575757575757576
"492","Rawlins_Kessler_1986_females.csv",20,NA,571,0.5,NA,NA,NA,NA,NA,NA,NA,NA,NA,NA,5,NA,1.8,NA,"Rhesus macaque (Macaca mulatta)",0.785370344896279,0.606060606060606
"493","Rawlins_Kessler_1986_females.csv",21,NA,571,0.5,NA,NA,NA,NA,NA,NA,NA,NA,NA,NA,2,NA,2,NA,"Rhesus macaque (Macaca mulatta)",0.900743333615555,0.636363636363636
"494","Rawlins_Kessler_1986_females.csv",22,NA,571,0.5,NA,NA,NA,NA,NA,NA,NA,NA,NA,NA,0,NA,NA,NA,"Rhesus macaque (Macaca mulatta)",1.01611632233483,0.666666666666667
"495","Rawlins_Kessler_1986_females.csv",23,NA,571,0.5,NA,NA,NA,NA,NA,NA,NA,NA,NA,NA,0,NA,NA,NA,"Rhesus macaque (Macaca mulatta)",1.13148931105411,0.696969696969697
"496","Rawlins_Kessler_1986_females.csv",24,NA,571,0.5,NA,NA,NA,NA,NA,NA,NA,NA,NA,NA,0,NA,NA,NA,"Rhesus macaque (Macaca mulatta)",1.24686229977338,0.727272727272727
"497","Rawlins_Kessler_1986_females.csv",25,NA,571,0.5,NA,NA,NA,NA,NA,NA,NA,NA,NA,NA,1,NA,2,NA,"Rhesus macaque (Macaca mulatta)",1.36223528849266,0.757575757575758
"498","Rawlins_Kessler_1986_females.csv",26,NA,571,0.5,NA,NA,NA,NA,NA,NA,NA,NA,NA,NA,0,NA,NA,NA,"Rhesus macaque (Macaca mulatta)",1.47760827721194,0.787878787878788
"499","Rawlins_Kessler_1986_females.csv",27,NA,571,0,NA,NA,NA,NA,NA,NA,NA,NA,NA,NA,1,NA,1,NA,"Rhesus macaque (Macaca mulatta)",1.59298126593121,0.818181818181818
"500","Rawlins_Kessler_1986_males.csv",1,NA,590,0.5,NA,NA,NA,NA,NA,NA,NA,NA,NA,NA,92,NA,6.413,NA,"Rhesus macaque (Macaca mulatta)",-1.40671644076997,0.0303030303030303
"501","Rawlins_Kessler_1986_males.csv",2,NA,590,0.5,NA,NA,NA,NA,NA,NA,NA,NA,NA,NA,77,NA,6.4675,NA,"Rhesus macaque (Macaca mulatta)",-1.2913434520507,0.0606060606060606
"502","Rawlins_Kessler_1986_males.csv",3,NA,590,0.5,NA,NA,NA,NA,NA,NA,NA,NA,NA,NA,82,NA,5.1341,NA,"Rhesus macaque (Macaca mulatta)",-1.17597046333142,0.0909090909090909
"503","Rawlins_Kessler_1986_males.csv",4,NA,590,0.5,NA,NA,NA,NA,NA,NA,NA,NA,NA,NA,56,NA,6.0536,NA,"Rhesus macaque (Macaca mulatta)",-1.06059747461214,0.121212121212121
"504","Rawlins_Kessler_1986_males.csv",5,NA,590,0.5,NA,NA,NA,NA,NA,NA,NA,NA,NA,NA,52,NA,5.4423,NA,"Rhesus macaque (Macaca mulatta)",-0.945224485892867,0.151515151515152
"505","Rawlins_Kessler_1986_males.csv",6,NA,590,0.5,NA,NA,NA,NA,NA,NA,NA,NA,NA,NA,48,NA,4.8125,NA,"Rhesus macaque (Macaca mulatta)",-0.82985149717359,0.181818181818182
"506","Rawlins_Kessler_1986_males.csv",7,NA,590,0.5,NA,NA,NA,NA,NA,NA,NA,NA,NA,NA,34,NA,5.3824,NA,"Rhesus macaque (Macaca mulatta)",-0.714478508454314,0.212121212121212
"507","Rawlins_Kessler_1986_males.csv",8,NA,590,0.5,NA,NA,NA,NA,NA,NA,NA,NA,NA,NA,31,NA,4.8065,NA,"Rhesus macaque (Macaca mulatta)",-0.599105519735038,0.242424242424242
"508","Rawlins_Kessler_1986_males.csv",9,NA,590,0.5,NA,NA,NA,NA,NA,NA,NA,NA,NA,NA,22,NA,5.3636,NA,"Rhesus macaque (Macaca mulatta)",-0.483732531015761,0.272727272727273
"509","Rawlins_Kessler_1986_males.csv",10,NA,590,0.5,NA,NA,NA,NA,NA,NA,NA,NA,NA,NA,21,NA,4.5714,NA,"Rhesus macaque (Macaca mulatta)",-0.368359542296485,0.303030303030303
"510","Rawlins_Kessler_1986_males.csv",11,NA,590,0.5,NA,NA,NA,NA,NA,NA,NA,NA,NA,NA,22,NA,3.4091,NA,"Rhesus macaque (Macaca mulatta)",-0.252986553577209,0.333333333333333
"511","Rawlins_Kessler_1986_males.csv",12,NA,590,0.5,NA,NA,NA,NA,NA,NA,NA,NA,NA,NA,11,NA,4.8182,NA,"Rhesus macaque (Macaca mulatta)",-0.137613564857932,0.363636363636364
"512","Rawlins_Kessler_1986_males.csv",13,NA,590,0.5,NA,NA,NA,NA,NA,NA,NA,NA,NA,NA,9,NA,4.6667,NA,"Rhesus macaque (Macaca mulatta)",-0.0222405761386558,0.393939393939394
"513","Rawlins_Kessler_1986_males.csv",14,NA,590,0.5,NA,NA,NA,NA,NA,NA,NA,NA,NA,NA,4,NA,8.25,NA,"Rhesus macaque (Macaca mulatta)",0.0931324125806206,0.424242424242424
"514","Rawlins_Kessler_1986_males.csv",15,NA,590,0.5,NA,NA,NA,NA,NA,NA,NA,NA,NA,NA,9,NA,3.2222,NA,"Rhesus macaque (Macaca mulatta)",0.208505401299897,0.454545454545455
"515","Rawlins_Kessler_1986_males.csv",16,NA,590,0.5,NA,NA,NA,NA,NA,NA,NA,NA,NA,NA,3,NA,6.6667,NA,"Rhesus macaque (Macaca mulatta)",0.323878390019173,0.484848484848485
"516","Rawlins_Kessler_1986_males.csv",17,NA,590,0.5,NA,NA,NA,NA,NA,NA,NA,NA,NA,NA,3,NA,5.6667,NA,"Rhesus macaque (Macaca mulatta)",0.43925137873845,0.515151515151515
"517","Rawlins_Kessler_1986_males.csv",18,NA,590,0.5,NA,NA,NA,NA,NA,NA,NA,NA,NA,NA,1,NA,14,NA,"Rhesus macaque (Macaca mulatta)",0.554624367457726,0.545454545454545
"518","Rawlins_Kessler_1986_males.csv",19,NA,590,0.5,NA,NA,NA,NA,NA,NA,NA,NA,NA,NA,4,NA,3.25,NA,"Rhesus macaque (Macaca mulatta)",0.669997356177002,0.575757575757576
"519","Rawlins_Kessler_1986_males.csv",20,NA,590,0.5,NA,NA,NA,NA,NA,NA,NA,NA,NA,NA,1,NA,9,NA,"Rhesus macaque (Macaca mulatta)",0.785370344896279,0.606060606060606
"520","Rawlins_Kessler_1986_males.csv",21,NA,590,0.5,NA,NA,NA,NA,NA,NA,NA,NA,NA,NA,2,NA,4,NA,"Rhesus macaque (Macaca mulatta)",0.900743333615555,0.636363636363636
"521","Rawlins_Kessler_1986_males.csv",22,NA,590,0.5,NA,NA,NA,NA,NA,NA,NA,NA,NA,NA,5,NA,1.2,NA,"Rhesus macaque (Macaca mulatta)",1.01611632233483,0.666666666666667
"522","Rawlins_Kessler_1986_males.csv",23,NA,590,0,NA,NA,NA,NA,NA,NA,NA,NA,NA,NA,1,NA,1,NA,"Rhesus macaque (Macaca mulatta)",1.13148931105411,0.696969696969697
